2025-04-22 23:51:21,745 - INFO - Epoch, Train Acc, Val Acc, Test Acc
2025-04-22 23:51:33,942 - INFO - 1, 10.48, 16.09, 14.51
2025-04-22 23:51:45,421 - INFO - 2, 24.73, 24.78, 25.88
2025-04-22 23:51:56,962 - INFO - 3, 34.21, 35.55, 38.52
2025-04-22 23:52:08,358 - INFO - 4, 44.71, 43.04, 42.63
2025-04-22 23:52:19,791 - INFO - 5, 54.17, 47.90, 46.82
2025-04-22 23:52:31,392 - INFO - 6, 62.72, 52.25, 54.53
2025-04-22 23:52:42,760 - INFO - 7, 69.01, 56.89, 59.31
2025-04-22 23:52:54,239 - INFO - 8, 76.00, 62.95, 63.65
2025-04-22 23:53:05,789 - INFO - 9, 81.44, 64.45, 66.19
2025-04-22 23:53:17,255 - INFO - 10, 86.45, 70.43, 70.83
2025-04-22 23:53:28,639 - INFO - 11, 89.50, 71.93, 72.77
2025-04-22 23:53:40,091 - INFO - 12, 93.14, 73.88, 75.62
2025-04-22 23:53:51,451 - INFO - 13, 95.36, 76.95, 76.36
2025-04-22 23:54:02,831 - INFO - 14, 97.03, 75.75, 77.64
2025-04-22 23:54:14,286 - INFO - 15, 98.03, 75.90, 77.11
2025-04-22 23:54:25,662 - INFO - 16, 99.23, 80.01, 79.28
2025-04-22 23:54:37,109 - INFO - 17, 99.30, 80.76, 81.30
2025-04-22 23:54:48,536 - INFO - 18, 99.75, 80.61, 81.60
2025-04-22 23:54:59,875 - INFO - 19, 99.80, 80.61, 81.45
2025-04-22 23:55:11,338 - INFO - 20, 99.95, 81.21, 81.68
2025-04-22 23:55:22,839 - INFO - 21, 99.80, 79.42, 80.33
2025-04-22 23:55:34,328 - INFO - 22, 99.95, 82.04, 82.65
2025-04-22 23:55:45,720 - INFO - 23, 100.00, 82.49, 82.27
2025-04-22 23:55:57,215 - INFO - 24, 99.10, 77.92, 78.53
2025-04-22 23:56:08,840 - INFO - 25, 99.98, 81.29, 82.95
2025-04-22 23:56:20,267 - INFO - 26, 100.00, 82.34, 83.69
2025-04-22 23:56:31,831 - INFO - 27, 100.00, 82.11, 82.72
2025-04-22 23:56:43,215 - INFO - 28, 100.00, 82.71, 83.25
2025-04-22 23:56:54,619 - INFO - 29, 100.00, 82.86, 83.62
2025-04-22 23:57:05,964 - INFO - 30, 99.30, 75.22, 75.99
2025-04-24 01:16:32,472 - INFO - Epoch, Train Acc, Val Acc, Test Acc
2025-04-24 01:16:45,175 - INFO - 1, 10.30, 16.84, 14.81
2025-04-24 01:16:56,357 - INFO - 2, 24.58, 28.82, 26.48
2025-04-24 01:17:07,544 - INFO - 3, 35.08, 38.70, 37.02
2025-04-24 01:17:18,873 - INFO - 4, 47.33, 44.31, 43.75
2025-04-24 01:17:30,336 - INFO - 5, 57.16, 51.12, 53.03
2025-04-24 01:17:41,821 - INFO - 6, 63.85, 56.36, 57.07
2025-04-24 01:17:53,124 - INFO - 7, 71.51, 59.58, 61.26
2025-04-24 01:18:04,416 - INFO - 8, 77.94, 66.02, 66.57
2025-04-24 01:18:15,724 - INFO - 9, 83.18, 67.29, 67.39
2025-04-24 01:18:26,982 - INFO - 10, 87.35, 71.93, 72.70
2025-04-24 01:18:38,323 - INFO - 11, 91.52, 74.25, 74.94
2025-04-24 01:18:49,801 - INFO - 12, 93.69, 75.67, 77.71
2025-04-24 01:19:01,274 - INFO - 13, 95.66, 76.57, 78.16
2025-04-24 01:19:12,524 - INFO - 14, 97.73, 77.47, 79.06
2025-04-24 01:19:23,773 - INFO - 15, 98.83, 77.10, 78.01
2025-04-24 01:19:35,131 - INFO - 16, 99.25, 80.84, 80.18
2025-04-24 01:19:46,460 - INFO - 17, 99.58, 80.16, 81.30
2025-04-24 01:19:57,891 - INFO - 18, 99.83, 80.91, 81.60
2025-04-24 01:20:09,317 - INFO - 19, 99.93, 81.14, 81.30
2025-04-24 01:20:20,623 - INFO - 20, 99.98, 81.59, 82.50
2025-04-24 01:20:31,952 - INFO - 21, 99.68, 80.61, 80.70
2025-04-24 01:20:43,271 - INFO - 22, 99.98, 82.78, 82.87
2025-04-24 01:20:54,700 - INFO - 23, 100.00, 82.11, 83.17
2025-04-24 01:21:05,867 - INFO - 24, 99.73, 79.87, 80.03
2025-04-24 01:21:17,330 - INFO - 25, 99.98, 82.26, 82.12
2025-04-24 01:21:28,730 - INFO - 26, 100.00, 83.08, 83.55
2025-04-24 01:21:40,090 - INFO - 27, 100.00, 82.56, 84.14
2025-04-24 01:21:51,498 - INFO - 28, 100.00, 83.16, 83.77
2025-04-24 01:22:02,841 - INFO - 29, 98.83, 82.11, 81.15
2025-04-24 01:22:14,085 - INFO - 30, 100.00, 82.78, 82.57
2025-04-24 01:51:58,647 - INFO - Epoch, Train Acc, Val Acc, Test Acc
2025-04-24 01:52:31,055 - INFO - 1, 5.64, 11.68, 10.02
2025-04-24 01:53:00,037 - INFO - 2, 13.55, 15.42, 14.36
2025-04-24 01:53:29,002 - INFO - 3, 20.08, 19.46, 19.22
2025-04-24 01:53:58,918 - INFO - 4, 24.95, 22.31, 24.23
2025-04-24 01:54:30,686 - INFO - 5, 29.59, 27.17, 27.75
2025-04-24 01:55:02,532 - INFO - 6, 34.66, 31.81, 33.73
2025-04-24 01:55:34,393 - INFO - 7, 38.70, 35.40, 35.30
2025-04-24 01:56:06,308 - INFO - 8, 42.27, 39.82, 37.92
2025-04-24 01:56:37,968 - INFO - 9, 46.28, 43.04, 41.51
2025-04-24 01:57:09,821 - INFO - 10, 50.95, 45.36, 42.33
2025-04-24 01:57:41,633 - INFO - 11, 53.62, 45.51, 45.55
2025-04-24 01:58:13,107 - INFO - 12, 56.71, 49.78, 48.39
2025-04-24 01:58:44,798 - INFO - 13, 59.76, 49.55, 50.56
2025-04-24 01:59:16,532 - INFO - 14, 62.18, 54.79, 53.33
2025-04-24 01:59:48,420 - INFO - 15, 65.07, 54.79, 54.75
2025-04-24 02:00:20,334 - INFO - 16, 67.37, 58.53, 56.92
2025-04-24 02:00:52,017 - INFO - 17, 69.06, 57.41, 56.84
2025-04-24 02:01:23,793 - INFO - 18, 70.33, 60.70, 61.63
2025-04-24 02:01:55,572 - INFO - 19, 72.68, 61.23, 60.28
2025-04-24 02:02:26,902 - INFO - 20, 74.33, 61.90, 62.75
2025-04-24 02:02:58,389 - INFO - 21, 77.30, 61.38, 62.53
2025-04-24 02:03:30,238 - INFO - 22, 77.47, 64.67, 64.40
2025-04-24 02:04:01,762 - INFO - 23, 79.47, 63.10, 65.22
2025-04-24 02:04:33,465 - INFO - 24, 80.64, 66.54, 67.09
2025-04-24 02:05:05,245 - INFO - 25, 83.03, 66.92, 68.66
2025-04-24 02:05:36,722 - INFO - 26, 82.19, 67.44, 68.59
2025-04-24 02:06:08,536 - INFO - 27, 84.13, 67.51, 67.54
2025-04-24 02:06:40,226 - INFO - 28, 85.05, 69.31, 68.74
2025-04-24 02:07:12,217 - INFO - 29, 87.30, 70.06, 71.13
2025-04-24 02:07:44,019 - INFO - 30, 87.57, 72.08, 71.20
2025-04-25 04:03:12,767 - INFO - Epoch: 1, Train Acc: 1.95, Test Acc: 2.62, LR: 0.100000
2025-04-25 04:05:22,538 - INFO - Epoch: 2, Train Acc: 2.05, Test Acc: 1.80, LR: 0.100000
2025-04-25 04:07:32,443 - INFO - Epoch: 3, Train Acc: 2.62, Test Acc: 2.32, LR: 0.100000
2025-04-25 04:09:42,483 - INFO - Epoch: 4, Train Acc: 2.30, Test Acc: 2.09, LR: 0.100000
2025-04-25 04:11:52,164 - INFO - Epoch: 5, Train Acc: 2.17, Test Acc: 0.60, LR: 0.100000
2025-04-25 04:14:02,070 - INFO - Epoch: 6, Train Acc: 1.95, Test Acc: 2.09, LR: 0.100000
2025-04-25 04:16:12,240 - INFO - Epoch: 7, Train Acc: 2.37, Test Acc: 2.47, LR: 0.100000
2025-04-25 04:18:22,271 - INFO - Epoch: 8, Train Acc: 1.90, Test Acc: 1.57, LR: 0.100000
2025-04-25 04:20:32,261 - INFO - Epoch: 9, Train Acc: 2.30, Test Acc: 2.54, LR: 0.100000
2025-04-25 04:22:42,104 - INFO - Epoch: 10, Train Acc: 1.80, Test Acc: 1.57, LR: 0.010000
2025-04-25 04:24:51,753 - INFO - Epoch: 11, Train Acc: 1.90, Test Acc: 2.39, LR: 0.010000
2025-04-25 04:27:01,621 - INFO - Epoch: 12, Train Acc: 2.32, Test Acc: 2.24, LR: 0.010000
2025-04-25 04:29:11,647 - INFO - Epoch: 13, Train Acc: 2.10, Test Acc: 1.65, LR: 0.010000
2025-04-25 04:31:21,736 - INFO - Epoch: 14, Train Acc: 1.97, Test Acc: 2.32, LR: 0.010000
2025-04-25 04:33:31,569 - INFO - Epoch: 15, Train Acc: 2.07, Test Acc: 2.54, LR: 0.010000
2025-04-25 04:35:41,484 - INFO - Epoch: 16, Train Acc: 2.32, Test Acc: 2.39, LR: 0.010000
2025-04-25 04:37:51,385 - INFO - Epoch: 17, Train Acc: 1.87, Test Acc: 2.69, LR: 0.010000
2025-04-25 04:40:01,185 - INFO - Epoch: 18, Train Acc: 1.82, Test Acc: 1.65, LR: 0.010000
2025-04-25 04:42:11,047 - INFO - Epoch: 19, Train Acc: 2.02, Test Acc: 2.09, LR: 0.010000
2025-04-25 04:44:20,963 - INFO - Epoch: 20, Train Acc: 2.02, Test Acc: 2.02, LR: 0.001000
2025-04-25 04:46:30,739 - INFO - Epoch: 21, Train Acc: 2.20, Test Acc: 2.02, LR: 0.001000
2025-04-25 04:48:40,525 - INFO - Epoch: 22, Train Acc: 2.20, Test Acc: 2.84, LR: 0.001000
2025-04-25 04:50:50,178 - INFO - Epoch: 23, Train Acc: 2.47, Test Acc: 1.27, LR: 0.001000
2025-04-25 04:53:00,088 - INFO - Epoch: 24, Train Acc: 2.40, Test Acc: 2.47, LR: 0.001000
2025-04-25 04:55:09,897 - INFO - Epoch: 25, Train Acc: 2.52, Test Acc: 2.39, LR: 0.001000
2025-04-25 04:57:19,644 - INFO - Epoch: 26, Train Acc: 2.42, Test Acc: 2.24, LR: 0.001000
2025-04-25 04:59:29,354 - INFO - Epoch: 27, Train Acc: 2.52, Test Acc: 2.17, LR: 0.001000
2025-04-25 05:01:39,105 - INFO - Epoch: 28, Train Acc: 2.27, Test Acc: 1.27, LR: 0.001000
2025-04-25 05:03:48,970 - INFO - Epoch: 29, Train Acc: 2.20, Test Acc: 2.24, LR: 0.001000
2025-04-25 05:05:58,663 - INFO - Epoch: 30, Train Acc: 2.05, Test Acc: 1.87, LR: 0.000100
2025-04-25 05:08:08,365 - INFO - Epoch: 31, Train Acc: 1.95, Test Acc: 1.72, LR: 0.000100
2025-04-25 05:10:18,088 - INFO - Epoch: 32, Train Acc: 2.00, Test Acc: 1.72, LR: 0.000100
2025-04-25 05:12:27,824 - INFO - Epoch: 33, Train Acc: 2.27, Test Acc: 1.57, LR: 0.000100
2025-04-25 05:14:37,667 - INFO - Epoch: 34, Train Acc: 2.54, Test Acc: 2.09, LR: 0.000100
2025-04-25 05:16:47,396 - INFO - Epoch: 35, Train Acc: 2.00, Test Acc: 1.94, LR: 0.000100
2025-04-25 05:18:57,040 - INFO - Epoch: 36, Train Acc: 2.25, Test Acc: 1.65, LR: 0.000100
2025-04-25 05:21:06,769 - INFO - Epoch: 37, Train Acc: 2.52, Test Acc: 2.47, LR: 0.000100
2025-04-25 05:23:16,345 - INFO - Epoch: 38, Train Acc: 1.85, Test Acc: 2.54, LR: 0.000100
2025-04-25 05:25:26,026 - INFO - Epoch: 39, Train Acc: 2.32, Test Acc: 1.57, LR: 0.000100
2025-04-25 05:27:35,699 - INFO - Epoch: 40, Train Acc: 2.40, Test Acc: 1.57, LR: 0.000010
2025-04-25 05:29:45,345 - INFO - Epoch: 41, Train Acc: 2.45, Test Acc: 1.57, LR: 0.000010
2025-04-25 05:31:55,046 - INFO - Epoch: 42, Train Acc: 2.37, Test Acc: 1.57, LR: 0.000010
2025-04-25 05:34:04,824 - INFO - Epoch: 43, Train Acc: 2.27, Test Acc: 2.54, LR: 0.000010
2025-04-25 05:36:14,577 - INFO - Epoch: 44, Train Acc: 2.10, Test Acc: 1.35, LR: 0.000010
2025-04-25 05:38:24,288 - INFO - Epoch: 45, Train Acc: 1.90, Test Acc: 1.35, LR: 0.000010
2025-04-25 05:40:33,843 - INFO - Epoch: 46, Train Acc: 2.20, Test Acc: 1.35, LR: 0.000010
2025-04-25 05:42:43,711 - INFO - Epoch: 47, Train Acc: 2.15, Test Acc: 2.54, LR: 0.000010
2025-04-25 05:44:53,400 - INFO - Epoch: 48, Train Acc: 1.87, Test Acc: 1.87, LR: 0.000010
2025-04-25 05:47:03,192 - INFO - Epoch: 49, Train Acc: 1.87, Test Acc: 2.54, LR: 0.000010
2025-04-25 05:49:12,918 - INFO - Epoch: 50, Train Acc: 1.97, Test Acc: 1.72, LR: 0.000001
2025-04-25 05:51:22,579 - INFO - Epoch: 51, Train Acc: 2.12, Test Acc: 1.72, LR: 0.000001
2025-04-25 05:53:32,252 - INFO - Epoch: 52, Train Acc: 2.15, Test Acc: 1.72, LR: 0.000001
2025-04-25 05:55:42,036 - INFO - Epoch: 53, Train Acc: 2.05, Test Acc: 1.72, LR: 0.000001
2025-04-25 05:57:51,567 - INFO - Epoch: 54, Train Acc: 1.92, Test Acc: 1.72, LR: 0.000001
2025-04-25 06:00:01,216 - INFO - Epoch: 55, Train Acc: 2.07, Test Acc: 1.72, LR: 0.000001
2025-04-25 06:02:11,357 - INFO - Epoch: 56, Train Acc: 2.00, Test Acc: 1.72, LR: 0.000001
2025-04-25 06:04:21,043 - INFO - Epoch: 57, Train Acc: 1.95, Test Acc: 1.72, LR: 0.000001
2025-04-25 06:06:30,785 - INFO - Epoch: 58, Train Acc: 1.97, Test Acc: 1.72, LR: 0.000001
2025-04-25 06:08:40,419 - INFO - Epoch: 59, Train Acc: 2.10, Test Acc: 1.72, LR: 0.000001
2025-04-25 06:10:50,942 - INFO - Epoch: 60, Train Acc: 2.32, Test Acc: 1.72, LR: 0.000000
2025-04-25 06:13:00,791 - INFO - Epoch: 61, Train Acc: 1.90, Test Acc: 1.72, LR: 0.000000
2025-04-25 06:15:10,624 - INFO - Epoch: 62, Train Acc: 1.95, Test Acc: 1.72, LR: 0.000000
2025-04-25 06:17:20,294 - INFO - Epoch: 63, Train Acc: 1.95, Test Acc: 1.72, LR: 0.000000
2025-04-25 06:19:30,137 - INFO - Epoch: 64, Train Acc: 1.87, Test Acc: 1.72, LR: 0.000000
2025-04-25 06:21:39,866 - INFO - Epoch: 65, Train Acc: 1.92, Test Acc: 1.72, LR: 0.000000
2025-04-25 06:23:49,525 - INFO - Epoch: 66, Train Acc: 2.10, Test Acc: 1.72, LR: 0.000000
2025-04-25 06:25:59,205 - INFO - Epoch: 67, Train Acc: 1.92, Test Acc: 1.72, LR: 0.000000
2025-04-25 06:28:09,010 - INFO - Epoch: 68, Train Acc: 2.12, Test Acc: 1.72, LR: 0.000000
2025-04-25 06:30:18,591 - INFO - Epoch: 69, Train Acc: 2.02, Test Acc: 1.72, LR: 0.000000
2025-04-25 06:32:28,177 - INFO - Epoch: 70, Train Acc: 1.70, Test Acc: 1.72, LR: 0.000000
2025-04-25 06:34:38,023 - INFO - Epoch: 71, Train Acc: 2.00, Test Acc: 1.72, LR: 0.000000
2025-04-25 06:36:47,675 - INFO - Epoch: 72, Train Acc: 2.05, Test Acc: 1.72, LR: 0.000000
2025-04-25 06:38:57,436 - INFO - Epoch: 73, Train Acc: 2.05, Test Acc: 1.72, LR: 0.000000
2025-04-25 06:41:07,098 - INFO - Epoch: 74, Train Acc: 2.00, Test Acc: 1.72, LR: 0.000000
2025-04-25 06:43:16,775 - INFO - Epoch: 75, Train Acc: 2.02, Test Acc: 1.72, LR: 0.000000
2025-04-25 06:45:26,612 - INFO - Epoch: 76, Train Acc: 2.12, Test Acc: 1.72, LR: 0.000000
2025-04-25 06:47:36,357 - INFO - Epoch: 77, Train Acc: 2.12, Test Acc: 1.72, LR: 0.000000
2025-04-25 06:49:45,544 - INFO - Epoch: 78, Train Acc: 2.07, Test Acc: 1.72, LR: 0.000000
2025-04-25 06:51:55,093 - INFO - Epoch: 79, Train Acc: 2.02, Test Acc: 1.72, LR: 0.000000
2025-04-25 06:54:04,953 - INFO - Epoch: 80, Train Acc: 2.07, Test Acc: 1.72, LR: 0.000000
2025-04-25 06:56:14,893 - INFO - Epoch: 81, Train Acc: 1.90, Test Acc: 1.72, LR: 0.000000
2025-04-25 06:58:24,625 - INFO - Epoch: 82, Train Acc: 2.22, Test Acc: 1.72, LR: 0.000000
2025-04-25 07:00:34,478 - INFO - Epoch: 83, Train Acc: 2.00, Test Acc: 1.72, LR: 0.000000
2025-04-25 07:02:44,163 - INFO - Epoch: 84, Train Acc: 1.95, Test Acc: 1.72, LR: 0.000000
2025-04-25 07:04:53,881 - INFO - Epoch: 85, Train Acc: 2.00, Test Acc: 1.72, LR: 0.000000
2025-04-25 07:07:03,620 - INFO - Epoch: 86, Train Acc: 2.10, Test Acc: 1.72, LR: 0.000000
2025-04-25 07:09:13,374 - INFO - Epoch: 87, Train Acc: 2.10, Test Acc: 1.72, LR: 0.000000
2025-04-25 07:11:22,821 - INFO - Epoch: 88, Train Acc: 2.15, Test Acc: 1.72, LR: 0.000000
2025-04-25 07:13:32,446 - INFO - Epoch: 89, Train Acc: 2.07, Test Acc: 1.72, LR: 0.000000
2025-04-25 07:15:42,211 - INFO - Epoch: 90, Train Acc: 1.77, Test Acc: 1.72, LR: 0.000000
2025-04-25 07:17:51,942 - INFO - Epoch: 91, Train Acc: 2.05, Test Acc: 1.72, LR: 0.000000
2025-04-25 07:20:01,816 - INFO - Epoch: 92, Train Acc: 2.07, Test Acc: 1.72, LR: 0.000000
2025-04-25 07:22:11,490 - INFO - Epoch: 93, Train Acc: 2.17, Test Acc: 1.72, LR: 0.000000
2025-04-25 07:24:21,152 - INFO - Epoch: 94, Train Acc: 1.95, Test Acc: 1.72, LR: 0.000000
2025-04-25 07:26:30,809 - INFO - Epoch: 95, Train Acc: 2.12, Test Acc: 1.72, LR: 0.000000
2025-04-25 07:28:40,468 - INFO - Epoch: 96, Train Acc: 1.97, Test Acc: 1.72, LR: 0.000000
2025-04-25 07:30:50,118 - INFO - Epoch: 97, Train Acc: 2.05, Test Acc: 1.72, LR: 0.000000
2025-04-25 07:32:59,797 - INFO - Epoch: 98, Train Acc: 1.87, Test Acc: 1.72, LR: 0.000000
2025-04-25 07:35:09,530 - INFO - Epoch: 99, Train Acc: 2.07, Test Acc: 1.72, LR: 0.000000
2025-04-25 07:37:19,731 - INFO - Epoch: 100, Train Acc: 1.85, Test Acc: 1.72, LR: 0.000000
2025-04-25 07:37:19,854 - INFO - Best model saved at models/lrcn_best_2025_04_25__07_37_19.pth
2025-04-25 07:38:26,557 - INFO - Train Accuracy: 2.10%
2025-04-25 07:38:48,816 - INFO - Validation Accuracy: 2.77%
2025-04-25 07:39:11,050 - INFO - Test Accuracy: 1.72%
2025-04-25 13:57:23,178 - INFO - Epoch: 1, Train Acc: 2.07, Test Acc: 2.84, LR: 10.000000
2025-04-25 13:59:32,253 - INFO - Epoch: 2, Train Acc: 2.22, Test Acc: 2.02, LR: 10.000000
2025-04-25 14:01:41,329 - INFO - Epoch: 3, Train Acc: 2.05, Test Acc: 2.32, LR: 10.000000
2025-04-25 14:02:28,680 - INFO -  
2025-04-25 14:09:06,835 - INFO -  
2025-04-25 14:14:53,664 - INFO - Epoch: 1, Train Acc: 2.22, Test Acc: 1.57, LR: 10.000000
2025-04-25 14:15:42,930 - INFO - Epoch: 2, Train Acc: 2.20, Test Acc: 1.57, LR: 10.000000
2025-04-25 14:16:33,489 - INFO -  
2025-04-25 14:22:20,616 - INFO - Epoch: 1, Train Acc: 3.77, Test Acc: 6.36, LR: 0.010000
2025-04-25 14:23:09,567 - INFO - Epoch: 2, Train Acc: 4.32, Test Acc: 4.56, LR: 0.010000
2025-04-25 14:23:58,497 - INFO - Epoch: 3, Train Acc: 4.89, Test Acc: 3.44, LR: 0.010000
2025-04-25 14:24:43,798 - INFO -  
2025-04-25 14:30:30,023 - INFO - Epoch: 1, Train Acc: 5.31, Test Acc: 6.73, LR: 0.010000
2025-04-25 14:31:17,517 - INFO - Epoch: 2, Train Acc: 7.34, Test Acc: 2.39, LR: 0.010000
2025-04-25 14:32:05,073 - INFO - Epoch: 3, Train Acc: 4.82, Test Acc: 5.91, LR: 0.010000
2025-04-25 14:32:52,606 - INFO - Epoch: 4, Train Acc: 6.69, Test Acc: 6.06, LR: 0.010000
2025-04-25 14:33:40,212 - INFO - Epoch: 5, Train Acc: 5.74, Test Acc: 4.41, LR: 0.010000
2025-04-25 14:37:13,826 - INFO -  
2025-04-25 14:42:41,226 - INFO - Epoch: 1, Train Acc: 2.30, Test Acc: 1.35, LR: 0.010000
2025-04-25 14:43:08,805 - INFO - Epoch: 2, Train Acc: 1.80, Test Acc: 1.80, LR: 0.010000
2025-04-25 14:43:36,562 - INFO - Epoch: 3, Train Acc: 2.22, Test Acc: 2.39, LR: 0.010000
2025-04-25 14:44:04,205 - INFO - Epoch: 4, Train Acc: 1.45, Test Acc: 2.69, LR: 0.010000
2025-04-25 14:44:49,883 - INFO -  
2025-04-25 14:50:18,501 - INFO - Epoch: 1, Train Acc: 10.10, Test Acc: 12.49, LR: 0.000100
2025-04-25 14:50:46,250 - INFO - Epoch: 2, Train Acc: 22.93, Test Acc: 25.80, LR: 0.000100
2025-04-25 14:51:13,912 - INFO - Epoch: 3, Train Acc: 33.01, Test Acc: 34.93, LR: 0.000100
2025-04-25 14:51:41,407 - INFO - Epoch: 4, Train Acc: 42.54, Test Acc: 40.39, LR: 0.000100
2025-04-25 14:52:09,063 - INFO - Epoch: 5, Train Acc: 53.37, Test Acc: 48.32, LR: 0.000100
2025-04-25 14:52:36,716 - INFO - Epoch: 6, Train Acc: 60.40, Test Acc: 52.95, LR: 0.000100
2025-04-25 14:53:04,370 - INFO - Epoch: 7, Train Acc: 67.34, Test Acc: 58.64, LR: 0.000100
2025-04-25 14:53:31,917 - INFO - Epoch: 8, Train Acc: 73.73, Test Acc: 63.58, LR: 0.000100
2025-04-25 14:53:59,621 - INFO - Epoch: 9, Train Acc: 80.04, Test Acc: 65.82, LR: 0.000100
2025-04-25 14:54:27,181 - INFO - Epoch: 10, Train Acc: 84.66, Test Acc: 70.08, LR: 0.000100
2025-04-25 14:54:54,762 - INFO - Epoch: 11, Train Acc: 88.45, Test Acc: 71.05, LR: 0.000100
2025-04-25 14:55:22,410 - INFO - Epoch: 12, Train Acc: 92.19, Test Acc: 75.54, LR: 0.000100
2025-04-25 14:55:49,985 - INFO - Epoch: 13, Train Acc: 94.79, Test Acc: 76.36, LR: 0.000100
2025-04-25 14:56:17,645 - INFO - Epoch: 14, Train Acc: 96.76, Test Acc: 78.23, LR: 0.000100
2025-04-25 14:56:45,207 - INFO - Epoch: 15, Train Acc: 98.13, Test Acc: 78.91, LR: 0.000100
2025-04-25 14:57:12,927 - INFO - Epoch: 16, Train Acc: 98.65, Test Acc: 79.13, LR: 0.000100
2025-04-25 14:57:40,485 - INFO - Epoch: 17, Train Acc: 99.10, Test Acc: 80.48, LR: 0.000100
2025-04-25 14:58:08,040 - INFO - Epoch: 18, Train Acc: 99.70, Test Acc: 81.00, LR: 0.000100
2025-04-25 14:58:35,771 - INFO - Epoch: 19, Train Acc: 99.80, Test Acc: 80.10, LR: 0.000100
2025-04-25 14:59:03,383 - INFO - Epoch: 20, Train Acc: 99.85, Test Acc: 82.20, LR: 0.000100
2025-04-25 16:55:53,369 - INFO -  Retained old model, added bn and dropout, added lr scheduler (initial lr = 0.0001,stepsize = 6)
2025-04-25 17:02:58,005 - INFO - Epoch: 1, Train Acc: 6.22, Test Acc: 11.29, LR: 0.000100
2025-04-25 17:05:02,856 - INFO - Epoch: 2, Train Acc: 13.64, Test Acc: 14.58, LR: 0.000100
2025-04-25 17:07:07,838 - INFO - Epoch: 3, Train Acc: 16.62, Test Acc: 17.43, LR: 0.000100
2025-04-25 17:09:12,712 - INFO - Epoch: 4, Train Acc: 19.89, Test Acc: 18.10, LR: 0.000100
2025-04-25 17:11:17,380 - INFO - Epoch: 5, Train Acc: 21.64, Test Acc: 22.06, LR: 0.000100
2025-04-25 17:13:22,137 - INFO - Epoch: 6, Train Acc: 24.44, Test Acc: 23.26, LR: 0.000010
2025-04-25 17:15:26,851 - INFO - Epoch: 7, Train Acc: 27.31, Test Acc: 24.38, LR: 0.000010
2025-04-25 17:17:31,773 - INFO - Epoch: 8, Train Acc: 27.78, Test Acc: 25.06, LR: 0.000010
2025-04-25 17:19:36,485 - INFO - Epoch: 9, Train Acc: 28.46, Test Acc: 25.06, LR: 0.000010
2025-04-25 17:21:41,519 - INFO - Epoch: 10, Train Acc: 29.28, Test Acc: 27.52, LR: 0.000010
2025-04-25 17:23:46,660 - INFO - Epoch: 11, Train Acc: 30.54, Test Acc: 27.23, LR: 0.000010
2025-04-25 17:25:51,337 - INFO - Epoch: 12, Train Acc: 30.05, Test Acc: 26.70, LR: 0.000001
2025-04-25 17:27:56,243 - INFO - Epoch: 13, Train Acc: 30.86, Test Acc: 27.75, LR: 0.000001
2025-04-25 17:30:01,258 - INFO - Epoch: 14, Train Acc: 31.03, Test Acc: 26.48, LR: 0.000001
2025-04-25 17:52:41,491 - INFO - Retained old model, added bn and dropout, added lr scheduler (initial lr = 0.0001,stepsize = 6)
2025-04-25 18:00:53,503 - INFO - Epoch: 1, Train Acc: 6.14, Test Acc: 7.78, LR: 0.001000
2025-04-25 18:04:07,032 - INFO - Epoch: 2, Train Acc: 9.84, Test Acc: 12.04, LR: 0.001000
2025-04-25 18:07:21,056 - INFO - Epoch: 3, Train Acc: 11.33, Test Acc: 13.01, LR: 0.001000
2025-04-25 18:10:36,053 - INFO - Epoch: 4, Train Acc: 11.91, Test Acc: 13.54, LR: 0.001000
2025-04-25 18:13:51,645 - INFO - Epoch: 5, Train Acc: 12.19, Test Acc: 11.97, LR: 0.001000
2025-04-25 18:17:06,599 - INFO - Epoch: 6, Train Acc: 12.38, Test Acc: 11.37, LR: 0.000100
2025-04-25 18:20:21,092 - INFO - Epoch: 7, Train Acc: 13.41, Test Acc: 13.84, LR: 0.000100
2025-04-25 18:23:36,207 - INFO - Epoch: 8, Train Acc: 13.30, Test Acc: 13.76, LR: 0.000100
2025-04-25 18:26:52,228 - INFO - Epoch: 9, Train Acc: 14.24, Test Acc: 15.03, LR: 0.000100
2025-04-25 18:30:07,134 - INFO - Epoch: 10, Train Acc: 13.79, Test Acc: 14.81, LR: 0.000100
2025-04-25 18:33:21,905 - INFO - Epoch: 11, Train Acc: 14.86, Test Acc: 15.78, LR: 0.000100
2025-04-25 18:36:36,639 - INFO - Epoch: 12, Train Acc: 14.88, Test Acc: 14.51, LR: 0.000010
2025-04-25 18:39:51,550 - INFO - Epoch: 13, Train Acc: 15.48, Test Acc: 15.11, LR: 0.000010
2025-04-25 18:43:05,997 - INFO - Epoch: 14, Train Acc: 15.31, Test Acc: 16.16, LR: 0.000010
2025-04-25 18:46:20,350 - INFO - Epoch: 15, Train Acc: 15.76, Test Acc: 15.48, LR: 0.000010
2025-04-25 18:49:32,496 - INFO - Epoch: 16, Train Acc: 15.63, Test Acc: 15.11, LR: 0.000010
2025-04-25 18:52:47,049 - INFO - Epoch: 17, Train Acc: 15.40, Test Acc: 15.11, LR: 0.000010
2025-04-25 18:56:01,060 - INFO - Epoch: 18, Train Acc: 15.42, Test Acc: 15.78, LR: 0.000001
2025-04-25 18:59:16,236 - INFO - Epoch: 19, Train Acc: 15.36, Test Acc: 14.88, LR: 0.000001
2025-04-25 19:02:31,625 - INFO - Epoch: 20, Train Acc: 15.68, Test Acc: 14.21, LR: 0.000001
2025-04-25 19:05:45,506 - INFO - Epoch: 21, Train Acc: 15.06, Test Acc: 14.51, LR: 0.000001
2025-04-25 19:08:59,341 - INFO - Epoch: 22, Train Acc: 15.46, Test Acc: 15.41, LR: 0.000001
2025-04-25 19:12:14,497 - INFO - Epoch: 23, Train Acc: 15.18, Test Acc: 14.14, LR: 0.000001
2025-04-25 19:15:28,910 - INFO - Epoch: 24, Train Acc: 15.29, Test Acc: 15.71, LR: 0.000000
2025-04-25 19:18:43,666 - INFO - Epoch: 25, Train Acc: 15.74, Test Acc: 14.73, LR: 0.000000
2025-04-25 19:41:21,787 - INFO - Retained old model, added bn and dropout, added lr scheduler (initial lr = 0.0001,stepsize = 6)
2025-04-25 19:49:33,112 - INFO - Epoch: 1, Train Acc: 7.40, Test Acc: 7.93, LR: 0.001000
2025-04-25 19:49:33,348 - INFO - Best model saved at models/lrcn_best_2025_04_25__19_49_33.pth
2025-04-25 19:52:48,465 - INFO - Final Train Accuracy: 10.35%
2025-04-25 19:52:48,465 - INFO - Final Validation Accuracy: 11.98%
2025-04-25 19:52:48,465 - INFO - Final Test Accuracy: 8.15%
2025-04-25 22:25:46,542 - INFO - Retained old model, added bn and dropout, added lr scheduler (initial lr = 0.0001,stepsize = 6)
2025-04-25 22:33:58,586 - INFO - Epoch: 1, Train Acc: 2.37, Test Acc: 1.80, LR: 0.100000
2025-04-25 22:37:11,973 - INFO - Epoch: 2, Train Acc: 2.03, Test Acc: 2.17, LR: 0.100000
2025-04-25 22:40:23,373 - INFO - Epoch: 3, Train Acc: 2.40, Test Acc: 1.42, LR: 0.100000
2025-04-25 22:43:37,356 - INFO - Epoch: 4, Train Acc: 2.31, Test Acc: 2.39, LR: 0.100000
2025-04-25 22:46:50,722 - INFO - Epoch: 5, Train Acc: 2.44, Test Acc: 2.39, LR: 0.100000
2025-04-25 22:50:04,960 - INFO - Epoch: 6, Train Acc: 2.22, Test Acc: 2.17, LR: 0.100000
2025-04-25 22:53:19,138 - INFO - Epoch: 7, Train Acc: 2.18, Test Acc: 2.24, LR: 0.100000
2025-04-25 22:56:31,990 - INFO - Epoch: 8, Train Acc: 2.33, Test Acc: 1.35, LR: 0.100000
2025-04-25 22:59:45,937 - INFO - Epoch: 9, Train Acc: 1.78, Test Acc: 1.65, LR: 0.100000
2025-04-25 23:02:59,498 - INFO - Epoch: 10, Train Acc: 1.86, Test Acc: 1.72, LR: 0.010000
2025-04-25 23:06:14,127 - INFO - Epoch: 11, Train Acc: 2.29, Test Acc: 2.39, LR: 0.010000
2025-04-25 23:09:28,220 - INFO - Epoch: 12, Train Acc: 2.48, Test Acc: 2.24, LR: 0.010000
2025-04-25 23:12:42,840 - INFO - Epoch: 13, Train Acc: 2.14, Test Acc: 1.80, LR: 0.010000
2025-04-25 23:15:57,435 - INFO - Epoch: 14, Train Acc: 2.12, Test Acc: 1.50, LR: 0.010000
2025-04-25 23:19:11,971 - INFO - Epoch: 15, Train Acc: 2.20, Test Acc: 2.17, LR: 0.010000
2025-04-25 23:22:26,568 - INFO - Epoch: 16, Train Acc: 2.05, Test Acc: 1.94, LR: 0.010000
2025-04-25 23:25:39,986 - INFO - Epoch: 17, Train Acc: 1.92, Test Acc: 1.57, LR: 0.010000
2025-04-25 23:28:51,507 - INFO - Epoch: 18, Train Acc: 2.16, Test Acc: 2.02, LR: 0.010000
2025-04-25 23:32:05,576 - INFO - Epoch: 19, Train Acc: 2.29, Test Acc: 2.32, LR: 0.010000
2025-04-25 23:35:18,911 - INFO - Epoch: 20, Train Acc: 1.99, Test Acc: 1.50, LR: 0.001000
2025-04-25 23:38:29,732 - INFO - Epoch: 21, Train Acc: 2.46, Test Acc: 2.24, LR: 0.001000
2025-04-25 23:41:43,105 - INFO - Epoch: 22, Train Acc: 2.48, Test Acc: 2.84, LR: 0.001000
2025-04-25 23:44:56,802 - INFO - Epoch: 23, Train Acc: 2.12, Test Acc: 2.84, LR: 0.001000
2025-04-25 23:48:08,180 - INFO - Epoch: 24, Train Acc: 2.54, Test Acc: 2.24, LR: 0.001000
2025-04-25 23:51:19,733 - INFO - Epoch: 25, Train Acc: 2.27, Test Acc: 2.17, LR: 0.001000
2025-04-25 23:54:30,937 - INFO - Epoch: 26, Train Acc: 2.14, Test Acc: 2.69, LR: 0.001000
2025-04-25 23:57:41,861 - INFO - Epoch: 27, Train Acc: 2.16, Test Acc: 1.27, LR: 0.001000
2025-04-26 00:00:52,922 - INFO - Epoch: 28, Train Acc: 2.57, Test Acc: 2.47, LR: 0.001000
2025-04-26 00:04:04,167 - INFO - Epoch: 29, Train Acc: 2.67, Test Acc: 1.94, LR: 0.001000
2025-04-26 00:07:15,567 - INFO - Epoch: 30, Train Acc: 2.42, Test Acc: 2.84, LR: 0.000100
2025-04-26 00:10:27,026 - INFO - Epoch: 31, Train Acc: 2.95, Test Acc: 2.84, LR: 0.000100
2025-04-26 00:13:37,868 - INFO - Epoch: 32, Train Acc: 2.95, Test Acc: 2.84, LR: 0.000100
2025-04-26 00:16:48,833 - INFO - Epoch: 33, Train Acc: 2.97, Test Acc: 2.84, LR: 0.000100
2025-04-26 00:38:06,070 - INFO - Retained old model, added bn and dropout, added lr scheduler (initial lr = 0.0001,stepsize = 6)
2025-04-26 00:46:20,900 - INFO - Epoch: 1, Train Acc: 6.31, Test Acc: 8.83, LR: 0.000100
2025-04-26 00:49:36,768 - INFO - Epoch: 2, Train Acc: 11.61, Test Acc: 14.88, LR: 0.000100
2025-04-26 00:52:53,090 - INFO - Epoch: 3, Train Acc: 14.09, Test Acc: 16.75, LR: 0.000100
2025-04-26 00:56:08,935 - INFO - Epoch: 4, Train Acc: 16.32, Test Acc: 17.28, LR: 0.000100
2025-04-26 00:59:24,513 - INFO - Epoch: 5, Train Acc: 18.37, Test Acc: 19.30, LR: 0.000100
2025-04-26 01:02:40,150 - INFO - Epoch: 6, Train Acc: 20.19, Test Acc: 20.34, LR: 0.000100
2025-04-26 01:05:56,323 - INFO - Epoch: 7, Train Acc: 22.63, Test Acc: 22.36, LR: 0.000100
2025-04-26 01:09:12,418 - INFO - Epoch: 8, Train Acc: 23.76, Test Acc: 23.64, LR: 0.000100
2025-04-26 01:12:28,504 - INFO - Epoch: 9, Train Acc: 25.19, Test Acc: 23.86, LR: 0.000100
2025-04-26 01:15:44,885 - INFO - Epoch: 10, Train Acc: 26.95, Test Acc: 24.83, LR: 0.000010
2025-04-26 01:19:01,196 - INFO - Epoch: 11, Train Acc: 28.68, Test Acc: 26.18, LR: 0.000010
2025-04-26 01:22:17,204 - INFO - Epoch: 12, Train Acc: 29.51, Test Acc: 26.33, LR: 0.000010
2025-04-26 01:25:32,922 - INFO - Epoch: 13, Train Acc: 29.13, Test Acc: 26.70, LR: 0.000010
2025-04-26 01:28:48,975 - INFO - Epoch: 14, Train Acc: 29.70, Test Acc: 27.90, LR: 0.000010
2025-04-26 01:32:04,494 - INFO - Epoch: 15, Train Acc: 30.95, Test Acc: 29.32, LR: 0.000010
2025-04-26 01:35:20,391 - INFO - Epoch: 16, Train Acc: 30.73, Test Acc: 27.82, LR: 0.000010
2025-04-26 01:38:36,587 - INFO - Epoch: 17, Train Acc: 31.84, Test Acc: 28.27, LR: 0.000010
2025-04-26 01:41:52,435 - INFO - Epoch: 18, Train Acc: 31.35, Test Acc: 29.24, LR: 0.000010
2025-04-26 01:45:09,317 - INFO - Epoch: 19, Train Acc: 31.59, Test Acc: 30.59, LR: 0.000010
2025-04-26 01:48:26,135 - INFO - Epoch: 20, Train Acc: 32.61, Test Acc: 29.84, LR: 0.000001
2025-04-26 01:51:43,100 - INFO - Epoch: 21, Train Acc: 32.85, Test Acc: 28.87, LR: 0.000001
2025-04-26 01:54:59,892 - INFO - Epoch: 22, Train Acc: 33.02, Test Acc: 28.80, LR: 0.000001
2025-04-26 01:58:16,664 - INFO - Epoch: 23, Train Acc: 33.79, Test Acc: 29.54, LR: 0.000001
2025-04-26 02:01:32,817 - INFO - Epoch: 24, Train Acc: 32.68, Test Acc: 29.17, LR: 0.000001
2025-04-26 02:04:49,332 - INFO - Epoch: 25, Train Acc: 32.61, Test Acc: 30.67, LR: 0.000001
2025-04-26 02:08:05,859 - INFO - Epoch: 26, Train Acc: 33.85, Test Acc: 28.72, LR: 0.000001
2025-04-26 02:11:21,701 - INFO - Epoch: 27, Train Acc: 32.46, Test Acc: 30.07, LR: 0.000001
2025-04-26 02:14:35,884 - INFO - Epoch: 28, Train Acc: 32.85, Test Acc: 29.92, LR: 0.000001
2025-04-26 02:17:52,518 - INFO - Epoch: 29, Train Acc: 33.38, Test Acc: 31.04, LR: 0.000001
2025-04-26 02:21:09,206 - INFO - Epoch: 30, Train Acc: 33.21, Test Acc: 28.95, LR: 0.000000
2025-04-26 02:24:25,394 - INFO - Epoch: 31, Train Acc: 33.53, Test Acc: 29.32, LR: 0.000000
2025-04-26 02:27:41,797 - INFO - Epoch: 32, Train Acc: 33.17, Test Acc: 29.99, LR: 0.000000
2025-04-26 02:30:57,693 - INFO - Epoch: 33, Train Acc: 33.53, Test Acc: 29.02, LR: 0.000000
2025-04-26 02:34:14,420 - INFO - Epoch: 34, Train Acc: 33.51, Test Acc: 29.92, LR: 0.000000
2025-04-26 02:37:30,965 - INFO - Epoch: 35, Train Acc: 33.40, Test Acc: 31.11, LR: 0.000000
2025-04-26 02:40:47,829 - INFO - Epoch: 36, Train Acc: 33.11, Test Acc: 30.37, LR: 0.000000
2025-04-26 02:44:03,745 - INFO - Epoch: 37, Train Acc: 33.34, Test Acc: 30.59, LR: 0.000000
2025-04-26 02:47:16,736 - INFO - Epoch: 38, Train Acc: 33.66, Test Acc: 29.39, LR: 0.000000
2025-04-26 02:50:32,027 - INFO - Epoch: 39, Train Acc: 33.25, Test Acc: 29.84, LR: 0.000000
2025-04-26 02:53:48,330 - INFO - Epoch: 40, Train Acc: 32.91, Test Acc: 29.24, LR: 0.000000
2025-04-26 02:57:05,275 - INFO - Epoch: 41, Train Acc: 33.15, Test Acc: 30.22, LR: 0.000000
2025-04-26 03:00:21,330 - INFO - Epoch: 42, Train Acc: 33.21, Test Acc: 30.29, LR: 0.000000
2025-04-26 03:03:38,275 - INFO - Epoch: 43, Train Acc: 33.79, Test Acc: 29.24, LR: 0.000000
2025-04-26 03:06:55,200 - INFO - Epoch: 44, Train Acc: 33.60, Test Acc: 29.84, LR: 0.000000
2025-04-26 03:10:11,776 - INFO - Epoch: 45, Train Acc: 33.40, Test Acc: 29.54, LR: 0.000000
2025-04-26 03:13:27,901 - INFO - Epoch: 46, Train Acc: 33.00, Test Acc: 29.69, LR: 0.000000
2025-04-26 03:16:43,332 - INFO - Epoch: 47, Train Acc: 33.62, Test Acc: 30.14, LR: 0.000000
2025-04-26 03:19:59,867 - INFO - Epoch: 48, Train Acc: 33.25, Test Acc: 29.62, LR: 0.000000
2025-04-26 03:23:15,621 - INFO - Epoch: 49, Train Acc: 33.53, Test Acc: 30.44, LR: 0.000000
2025-04-26 03:26:30,439 - INFO - Epoch: 50, Train Acc: 33.08, Test Acc: 30.22, LR: 0.000000
2025-04-26 03:29:47,788 - INFO - Epoch: 51, Train Acc: 33.88, Test Acc: 30.89, LR: 0.000000
2025-04-26 03:33:04,032 - INFO - Epoch: 52, Train Acc: 33.15, Test Acc: 29.99, LR: 0.000000
2025-04-26 03:36:20,624 - INFO - Epoch: 53, Train Acc: 32.61, Test Acc: 29.32, LR: 0.000000
2025-04-26 03:39:34,148 - INFO - Epoch: 54, Train Acc: 32.91, Test Acc: 29.92, LR: 0.000000
2025-04-26 03:42:50,133 - INFO - Epoch: 55, Train Acc: 33.79, Test Acc: 29.77, LR: 0.000000
2025-04-26 03:46:07,092 - INFO - Epoch: 56, Train Acc: 33.47, Test Acc: 30.96, LR: 0.000000
2025-04-26 03:49:23,936 - INFO - Epoch: 57, Train Acc: 32.61, Test Acc: 30.07, LR: 0.000000
2025-04-26 03:52:40,562 - INFO - Epoch: 58, Train Acc: 33.51, Test Acc: 29.92, LR: 0.000000
2025-04-26 03:55:56,899 - INFO - Epoch: 59, Train Acc: 33.55, Test Acc: 29.24, LR: 0.000000
2025-04-26 03:59:13,327 - INFO - Epoch: 60, Train Acc: 33.36, Test Acc: 29.62, LR: 0.000000
2025-04-26 04:02:29,321 - INFO - Epoch: 61, Train Acc: 33.17, Test Acc: 28.95, LR: 0.000000
2025-04-26 04:05:45,765 - INFO - Epoch: 62, Train Acc: 33.17, Test Acc: 30.22, LR: 0.000000
2025-04-26 04:09:02,211 - INFO - Epoch: 63, Train Acc: 33.06, Test Acc: 29.17, LR: 0.000000
2025-04-26 04:12:17,585 - INFO - Epoch: 64, Train Acc: 33.32, Test Acc: 28.12, LR: 0.000000
2025-04-26 04:15:33,489 - INFO - Epoch: 65, Train Acc: 33.85, Test Acc: 30.22, LR: 0.000000
2025-04-26 04:18:50,229 - INFO - Epoch: 66, Train Acc: 33.02, Test Acc: 29.54, LR: 0.000000
2025-04-26 04:22:05,843 - INFO - Epoch: 67, Train Acc: 33.68, Test Acc: 29.77, LR: 0.000000
2025-04-26 04:25:21,927 - INFO - Epoch: 68, Train Acc: 33.43, Test Acc: 30.59, LR: 0.000000
2025-04-26 04:28:37,097 - INFO - Epoch: 69, Train Acc: 33.98, Test Acc: 29.92, LR: 0.000000
2025-04-26 04:31:53,444 - INFO - Epoch: 70, Train Acc: 32.70, Test Acc: 29.77, LR: 0.000000
2025-04-26 04:35:09,202 - INFO - Epoch: 71, Train Acc: 33.13, Test Acc: 29.92, LR: 0.000000
2025-04-26 04:38:26,111 - INFO - Epoch: 72, Train Acc: 34.32, Test Acc: 28.50, LR: 0.000000
2025-04-26 04:41:42,097 - INFO - Epoch: 73, Train Acc: 33.43, Test Acc: 29.69, LR: 0.000000
2025-04-26 04:44:58,900 - INFO - Epoch: 74, Train Acc: 33.68, Test Acc: 29.92, LR: 0.000000
2025-04-26 04:48:15,090 - INFO - Epoch: 75, Train Acc: 33.19, Test Acc: 29.17, LR: 0.000000
2025-04-26 04:51:30,867 - INFO - Epoch: 76, Train Acc: 32.68, Test Acc: 30.37, LR: 0.000000
2025-04-26 04:54:47,687 - INFO - Epoch: 77, Train Acc: 33.06, Test Acc: 30.74, LR: 0.000000
2025-04-26 04:58:03,785 - INFO - Epoch: 78, Train Acc: 32.51, Test Acc: 28.50, LR: 0.000000
2025-04-26 05:01:17,769 - INFO - Epoch: 79, Train Acc: 33.49, Test Acc: 30.29, LR: 0.000000
2025-04-26 05:04:34,377 - INFO - Epoch: 80, Train Acc: 33.83, Test Acc: 29.69, LR: 0.000000
2025-04-26 05:07:51,675 - INFO - Epoch: 81, Train Acc: 33.06, Test Acc: 30.14, LR: 0.000000
2025-04-26 05:11:07,947 - INFO - Epoch: 82, Train Acc: 32.78, Test Acc: 29.32, LR: 0.000000
2025-04-26 05:14:24,499 - INFO - Epoch: 83, Train Acc: 33.23, Test Acc: 29.99, LR: 0.000000
2025-04-26 05:17:41,596 - INFO - Epoch: 84, Train Acc: 34.00, Test Acc: 30.14, LR: 0.000000
2025-04-26 05:20:58,053 - INFO - Epoch: 85, Train Acc: 33.64, Test Acc: 31.04, LR: 0.000000
2025-04-26 05:24:14,437 - INFO - Epoch: 86, Train Acc: 33.55, Test Acc: 30.82, LR: 0.000000
2025-04-26 05:27:30,966 - INFO - Epoch: 87, Train Acc: 33.13, Test Acc: 29.77, LR: 0.000000
2025-04-26 05:30:47,304 - INFO - Epoch: 88, Train Acc: 33.06, Test Acc: 28.87, LR: 0.000000
2025-04-26 05:34:03,981 - INFO - Epoch: 89, Train Acc: 33.60, Test Acc: 30.74, LR: 0.000000
2025-04-26 05:37:20,873 - INFO - Epoch: 90, Train Acc: 33.45, Test Acc: 29.39, LR: 0.000000
2025-04-26 05:40:37,642 - INFO - Epoch: 91, Train Acc: 33.51, Test Acc: 29.54, LR: 0.000000
2025-04-26 05:43:54,480 - INFO - Epoch: 92, Train Acc: 33.30, Test Acc: 29.92, LR: 0.000000
2025-04-26 05:47:10,946 - INFO - Epoch: 93, Train Acc: 33.34, Test Acc: 29.47, LR: 0.000000
2025-04-26 05:50:26,946 - INFO - Epoch: 94, Train Acc: 33.53, Test Acc: 30.89, LR: 0.000000
2025-04-26 05:53:40,711 - INFO - Epoch: 95, Train Acc: 33.06, Test Acc: 30.14, LR: 0.000000
2025-04-26 05:56:56,876 - INFO - Epoch: 96, Train Acc: 33.66, Test Acc: 30.07, LR: 0.000000
2025-04-26 06:00:13,728 - INFO - Epoch: 97, Train Acc: 33.36, Test Acc: 29.02, LR: 0.000000
2025-04-26 06:03:30,036 - INFO - Epoch: 98, Train Acc: 33.32, Test Acc: 30.29, LR: 0.000000
2025-04-26 06:06:46,956 - INFO - Epoch: 99, Train Acc: 33.21, Test Acc: 30.22, LR: 0.000000
2025-04-26 06:10:03,432 - INFO - Epoch: 100, Train Acc: 33.58, Test Acc: 29.39, LR: 0.000000
2025-04-26 06:10:03,671 - INFO - Best model saved at models/lrcn_best_2025_04_26__06_10_03.pth
2025-04-26 06:13:23,209 - INFO - Final Train Accuracy: 34.88%
2025-04-26 06:13:23,209 - INFO - Final Validation Accuracy: 30.69%
2025-04-26 06:13:23,209 - INFO - Final Test Accuracy: 29.84%
2025-04-26 23:25:46,590 - INFO - Retained old model, added bn and dropout, added lr scheduler (initial lr = 0.0001,stepsize = 6)
2025-04-26 23:34:01,491 - INFO - Epoch: 1, Train Acc: 4.85, Test Acc: 8.68, LR: 0.000100
2025-04-26 23:37:05,146 - INFO - Epoch: 2, Train Acc: 11.25, Test Acc: 13.24, LR: 0.000100
2025-04-26 23:37:54,734 - INFO - Retained old model, added bn and dropout, added lr scheduler (initial lr = 0.0001,stepsize = 6)
2025-04-26 23:46:06,948 - INFO - Epoch: 1, Train Acc: 4.85, Test Acc: 9.35, LR: 0.000100
2025-04-26 23:49:15,520 - INFO - Epoch: 2, Train Acc: 11.08, Test Acc: 13.91, LR: 0.000100
2025-04-26 23:52:25,066 - INFO - Epoch: 3, Train Acc: 14.69, Test Acc: 14.88, LR: 0.000100
2025-04-26 23:55:34,844 - INFO - Epoch: 4, Train Acc: 17.41, Test Acc: 17.28, LR: 0.000100
2025-04-26 23:58:44,519 - INFO - Epoch: 5, Train Acc: 19.05, Test Acc: 18.70, LR: 0.000100
2025-04-27 00:01:54,271 - INFO - Epoch: 6, Train Acc: 20.62, Test Acc: 20.57, LR: 0.000100
2025-04-27 00:05:02,856 - INFO - Epoch: 7, Train Acc: 23.37, Test Acc: 21.24, LR: 0.000100
2025-04-27 00:08:10,901 - INFO - Epoch: 8, Train Acc: 25.26, Test Acc: 23.93, LR: 0.000100
2025-04-27 00:11:18,422 - INFO - Epoch: 9, Train Acc: 26.30, Test Acc: 23.71, LR: 0.000100
2025-04-27 00:14:32,555 - INFO - Epoch: 10, Train Acc: 28.04, Test Acc: 25.73, LR: 0.000100
2025-04-27 00:16:56,038 - INFO - Retained old model
2025-04-27 00:25:07,596 - INFO - Epoch: 1, Train Acc: 3.40, Test Acc: 3.96, LR: 0.000100
2025-04-27 00:28:15,469 - INFO - Epoch: 2, Train Acc: 7.46, Test Acc: 9.12, LR: 0.000100
2025-04-27 00:31:24,249 - INFO - Epoch: 3, Train Acc: 10.74, Test Acc: 13.91, LR: 0.000100
2025-04-27 00:34:29,110 - INFO - Epoch: 4, Train Acc: 14.54, Test Acc: 15.03, LR: 0.000100
2025-04-27 00:37:33,517 - INFO - Epoch: 5, Train Acc: 16.62, Test Acc: 16.60, LR: 0.000100
2025-04-27 00:40:39,769 - INFO - Epoch: 6, Train Acc: 19.01, Test Acc: 18.47, LR: 0.000100
2025-04-27 00:43:43,867 - INFO - Epoch: 7, Train Acc: 20.62, Test Acc: 18.40, LR: 0.000100
2025-04-27 00:46:48,006 - INFO - Epoch: 8, Train Acc: 21.19, Test Acc: 20.72, LR: 0.000100
2025-04-27 00:49:52,354 - INFO - Epoch: 9, Train Acc: 22.88, Test Acc: 22.14, LR: 0.000100
2025-04-27 00:52:56,531 - INFO - Epoch: 10, Train Acc: 24.55, Test Acc: 22.96, LR: 0.000100
2025-04-27 00:56:00,628 - INFO - Epoch: 11, Train Acc: 25.86, Test Acc: 24.08, LR: 0.000100
2025-04-27 00:59:04,821 - INFO - Epoch: 12, Train Acc: 28.10, Test Acc: 25.73, LR: 0.000100
2025-04-27 01:02:09,080 - INFO - Epoch: 13, Train Acc: 29.19, Test Acc: 25.21, LR: 0.000100
2025-04-27 01:05:13,226 - INFO - Epoch: 14, Train Acc: 29.53, Test Acc: 27.30, LR: 0.000100
2025-04-27 01:08:17,584 - INFO - Epoch: 15, Train Acc: 30.54, Test Acc: 27.37, LR: 0.000100
2025-04-27 01:11:21,838 - INFO - Epoch: 16, Train Acc: 32.42, Test Acc: 28.12, LR: 0.000100
2025-04-27 01:14:25,842 - INFO - Epoch: 17, Train Acc: 32.96, Test Acc: 29.69, LR: 0.000100
2025-04-27 01:17:30,015 - INFO - Epoch: 18, Train Acc: 33.90, Test Acc: 31.19, LR: 0.000100
2025-04-27 01:20:34,825 - INFO - Epoch: 19, Train Acc: 35.89, Test Acc: 32.09, LR: 0.000100
2025-04-27 01:23:38,960 - INFO - Epoch: 20, Train Acc: 36.59, Test Acc: 31.11, LR: 0.000100
2025-04-27 01:26:43,325 - INFO - Epoch: 21, Train Acc: 37.17, Test Acc: 32.16, LR: 0.000100
2025-04-27 01:29:47,962 - INFO - Epoch: 22, Train Acc: 38.84, Test Acc: 33.06, LR: 0.000100
2025-04-27 01:32:52,660 - INFO - Epoch: 23, Train Acc: 39.20, Test Acc: 33.66, LR: 0.000100
2025-04-27 01:35:56,976 - INFO - Epoch: 24, Train Acc: 40.42, Test Acc: 35.15, LR: 0.000100
2025-04-27 01:39:01,624 - INFO - Epoch: 25, Train Acc: 41.89, Test Acc: 35.98, LR: 0.000100
2025-04-27 01:42:06,227 - INFO - Epoch: 26, Train Acc: 41.32, Test Acc: 37.55, LR: 0.000100
2025-04-27 01:45:10,534 - INFO - Epoch: 27, Train Acc: 42.88, Test Acc: 35.08, LR: 0.000100
2025-04-27 01:48:14,935 - INFO - Epoch: 28, Train Acc: 43.56, Test Acc: 36.28, LR: 0.000100
2025-04-27 01:51:19,215 - INFO - Epoch: 29, Train Acc: 43.67, Test Acc: 37.40, LR: 0.000100
2025-04-27 01:54:23,479 - INFO - Epoch: 30, Train Acc: 45.15, Test Acc: 37.40, LR: 0.000010
2025-04-27 01:57:28,055 - INFO - Epoch: 31, Train Acc: 46.79, Test Acc: 37.55, LR: 0.000010
2025-04-27 02:00:32,519 - INFO - Epoch: 32, Train Acc: 46.21, Test Acc: 39.87, LR: 0.000010
2025-04-27 02:03:36,839 - INFO - Epoch: 33, Train Acc: 46.90, Test Acc: 37.70, LR: 0.000010
2025-04-27 02:06:41,016 - INFO - Epoch: 34, Train Acc: 46.92, Test Acc: 39.57, LR: 0.000010
2025-04-27 02:09:45,241 - INFO - Epoch: 35, Train Acc: 47.43, Test Acc: 39.12, LR: 0.000010
2025-04-27 02:12:49,190 - INFO - Epoch: 36, Train Acc: 46.83, Test Acc: 39.04, LR: 0.000010
2025-04-27 02:15:53,587 - INFO - Epoch: 37, Train Acc: 47.90, Test Acc: 39.42, LR: 0.000010
2025-04-27 02:18:57,855 - INFO - Epoch: 38, Train Acc: 47.90, Test Acc: 37.92, LR: 0.000010
2025-04-27 02:22:02,011 - INFO - Epoch: 39, Train Acc: 47.97, Test Acc: 39.34, LR: 0.000010
2025-04-27 02:25:06,421 - INFO - Epoch: 40, Train Acc: 48.31, Test Acc: 39.94, LR: 0.000010
2025-04-27 02:28:10,602 - INFO - Epoch: 41, Train Acc: 48.14, Test Acc: 40.01, LR: 0.000010
2025-04-27 02:31:14,371 - INFO - Epoch: 42, Train Acc: 48.89, Test Acc: 40.99, LR: 0.000010
2025-04-27 02:34:18,318 - INFO - Epoch: 43, Train Acc: 48.91, Test Acc: 39.19, LR: 0.000010
2025-04-27 02:37:22,550 - INFO - Epoch: 44, Train Acc: 48.27, Test Acc: 40.39, LR: 0.000010
2025-04-27 02:40:26,556 - INFO - Epoch: 45, Train Acc: 49.49, Test Acc: 40.31, LR: 0.000010
2025-04-27 02:43:30,750 - INFO - Epoch: 46, Train Acc: 48.74, Test Acc: 39.49, LR: 0.000010
2025-04-27 02:46:34,959 - INFO - Epoch: 47, Train Acc: 48.95, Test Acc: 40.01, LR: 0.000010
2025-04-27 02:49:39,452 - INFO - Epoch: 48, Train Acc: 49.66, Test Acc: 41.21, LR: 0.000010
2025-04-27 02:52:43,718 - INFO - Epoch: 49, Train Acc: 49.47, Test Acc: 42.33, LR: 0.000010
2025-04-27 02:55:48,142 - INFO - Epoch: 50, Train Acc: 49.68, Test Acc: 40.84, LR: 0.000010
2025-04-27 02:58:52,500 - INFO - Epoch: 51, Train Acc: 50.45, Test Acc: 43.08, LR: 0.000010
2025-04-27 03:01:56,543 - INFO - Epoch: 52, Train Acc: 50.06, Test Acc: 41.74, LR: 0.000010
2025-04-27 03:05:00,934 - INFO - Epoch: 53, Train Acc: 50.06, Test Acc: 40.24, LR: 0.000010
2025-04-27 03:08:05,603 - INFO - Epoch: 54, Train Acc: 50.00, Test Acc: 41.29, LR: 0.000010
2025-04-27 03:11:09,994 - INFO - Epoch: 55, Train Acc: 49.72, Test Acc: 40.84, LR: 0.000010
2025-04-27 03:14:14,483 - INFO - Epoch: 56, Train Acc: 49.98, Test Acc: 40.54, LR: 0.000010
2025-04-27 03:17:19,265 - INFO - Epoch: 57, Train Acc: 51.22, Test Acc: 42.11, LR: 0.000010
2025-04-27 03:20:23,478 - INFO - Epoch: 58, Train Acc: 50.36, Test Acc: 41.51, LR: 0.000010
2025-04-27 03:23:28,048 - INFO - Epoch: 59, Train Acc: 50.94, Test Acc: 43.08, LR: 0.000010
2025-04-27 03:26:32,389 - INFO - Epoch: 60, Train Acc: 49.91, Test Acc: 41.66, LR: 0.000001
2025-04-27 03:29:36,730 - INFO - Epoch: 61, Train Acc: 50.43, Test Acc: 42.26, LR: 0.000001
2025-04-27 03:32:40,905 - INFO - Epoch: 62, Train Acc: 50.24, Test Acc: 43.08, LR: 0.000001
2025-04-27 03:35:45,172 - INFO - Epoch: 63, Train Acc: 51.45, Test Acc: 42.03, LR: 0.000001
2025-04-27 03:38:49,475 - INFO - Epoch: 64, Train Acc: 51.20, Test Acc: 41.88, LR: 0.000001
2025-04-27 03:41:53,900 - INFO - Epoch: 65, Train Acc: 51.52, Test Acc: 41.74, LR: 0.000001
2025-04-27 03:44:58,137 - INFO - Epoch: 66, Train Acc: 51.88, Test Acc: 41.66, LR: 0.000001
2025-04-27 03:48:02,336 - INFO - Epoch: 67, Train Acc: 51.18, Test Acc: 42.78, LR: 0.000001
2025-04-27 03:51:06,373 - INFO - Epoch: 68, Train Acc: 51.50, Test Acc: 42.41, LR: 0.000001
2025-04-27 03:54:10,248 - INFO - Epoch: 69, Train Acc: 50.43, Test Acc: 42.41, LR: 0.000001
2025-04-27 03:57:14,351 - INFO - Epoch: 70, Train Acc: 50.83, Test Acc: 42.11, LR: 0.000001
2025-04-27 04:00:18,557 - INFO - Epoch: 71, Train Acc: 51.30, Test Acc: 41.88, LR: 0.000001
2025-04-27 04:03:22,740 - INFO - Epoch: 72, Train Acc: 51.80, Test Acc: 42.78, LR: 0.000001
2025-04-27 04:06:26,859 - INFO - Epoch: 73, Train Acc: 50.94, Test Acc: 42.56, LR: 0.000001
2025-04-27 04:09:30,980 - INFO - Epoch: 74, Train Acc: 51.43, Test Acc: 42.56, LR: 0.000001
2025-04-27 04:12:35,265 - INFO - Epoch: 75, Train Acc: 50.88, Test Acc: 42.63, LR: 0.000001
2025-04-27 04:15:39,693 - INFO - Epoch: 76, Train Acc: 51.18, Test Acc: 42.56, LR: 0.000001
2025-04-27 04:18:43,984 - INFO - Epoch: 77, Train Acc: 51.01, Test Acc: 41.36, LR: 0.000001
2025-04-27 04:21:48,535 - INFO - Epoch: 78, Train Acc: 51.01, Test Acc: 42.48, LR: 0.000001
2025-04-27 04:24:52,958 - INFO - Epoch: 79, Train Acc: 50.02, Test Acc: 41.36, LR: 0.000001
2025-04-27 04:27:57,544 - INFO - Epoch: 80, Train Acc: 50.92, Test Acc: 41.66, LR: 0.000001
2025-04-27 04:31:01,959 - INFO - Epoch: 81, Train Acc: 51.35, Test Acc: 42.56, LR: 0.000001
2025-04-27 04:34:06,040 - INFO - Epoch: 82, Train Acc: 50.73, Test Acc: 41.44, LR: 0.000001
2025-04-27 04:37:10,330 - INFO - Epoch: 83, Train Acc: 51.22, Test Acc: 42.63, LR: 0.000001
2025-04-27 04:40:14,845 - INFO - Epoch: 84, Train Acc: 51.54, Test Acc: 42.56, LR: 0.000001
2025-04-27 04:43:19,316 - INFO - Epoch: 85, Train Acc: 51.15, Test Acc: 43.23, LR: 0.000001
2025-04-27 04:46:23,482 - INFO - Epoch: 86, Train Acc: 51.33, Test Acc: 42.48, LR: 0.000001
2025-04-27 04:49:27,600 - INFO - Epoch: 87, Train Acc: 51.63, Test Acc: 42.56, LR: 0.000001
2025-04-27 04:52:31,715 - INFO - Epoch: 88, Train Acc: 51.22, Test Acc: 42.03, LR: 0.000001
2025-04-27 04:55:36,149 - INFO - Epoch: 89, Train Acc: 51.58, Test Acc: 42.48, LR: 0.000001
2025-04-27 04:58:40,646 - INFO - Epoch: 90, Train Acc: 51.63, Test Acc: 41.81, LR: 0.000000
2025-04-27 05:01:44,971 - INFO - Epoch: 91, Train Acc: 51.05, Test Acc: 41.81, LR: 0.000000
2025-04-27 05:04:49,209 - INFO - Epoch: 92, Train Acc: 51.18, Test Acc: 42.48, LR: 0.000000
2025-04-27 05:07:53,422 - INFO - Epoch: 93, Train Acc: 51.37, Test Acc: 43.23, LR: 0.000000
2025-04-27 05:10:57,883 - INFO - Epoch: 94, Train Acc: 52.07, Test Acc: 43.31, LR: 0.000000
2025-04-27 05:14:02,191 - INFO - Epoch: 95, Train Acc: 51.56, Test Acc: 41.96, LR: 0.000000
2025-04-27 05:17:06,702 - INFO - Epoch: 96, Train Acc: 51.15, Test Acc: 42.18, LR: 0.000000
2025-04-27 05:20:10,862 - INFO - Epoch: 97, Train Acc: 50.43, Test Acc: 42.33, LR: 0.000000
2025-04-27 05:23:15,279 - INFO - Epoch: 98, Train Acc: 51.65, Test Acc: 43.01, LR: 0.000000
2025-04-27 05:26:19,725 - INFO - Epoch: 99, Train Acc: 51.52, Test Acc: 43.68, LR: 0.000000
2025-04-27 05:29:24,306 - INFO - Epoch: 100, Train Acc: 51.05, Test Acc: 42.11, LR: 0.000000
2025-04-27 05:32:28,720 - INFO - Epoch: 101, Train Acc: 51.73, Test Acc: 42.03, LR: 0.000000
2025-04-27 05:35:33,017 - INFO - Epoch: 102, Train Acc: 51.50, Test Acc: 41.88, LR: 0.000000
2025-04-27 05:38:37,338 - INFO - Epoch: 103, Train Acc: 51.90, Test Acc: 42.26, LR: 0.000000
2025-04-27 05:41:41,413 - INFO - Epoch: 104, Train Acc: 50.88, Test Acc: 43.16, LR: 0.000000
2025-04-27 05:44:45,503 - INFO - Epoch: 105, Train Acc: 51.11, Test Acc: 42.11, LR: 0.000000
2025-04-27 05:47:49,971 - INFO - Epoch: 106, Train Acc: 50.92, Test Acc: 42.93, LR: 0.000000
2025-04-27 05:50:54,049 - INFO - Epoch: 107, Train Acc: 50.68, Test Acc: 42.63, LR: 0.000000
2025-04-27 05:53:58,477 - INFO - Epoch: 108, Train Acc: 51.39, Test Acc: 41.36, LR: 0.000000
2025-04-27 05:57:02,447 - INFO - Epoch: 109, Train Acc: 50.94, Test Acc: 44.05, LR: 0.000000
2025-04-27 06:00:06,563 - INFO - Epoch: 110, Train Acc: 51.45, Test Acc: 43.46, LR: 0.000000
2025-04-27 06:03:10,753 - INFO - Epoch: 111, Train Acc: 51.97, Test Acc: 42.03, LR: 0.000000
2025-04-27 06:06:15,005 - INFO - Epoch: 112, Train Acc: 51.99, Test Acc: 43.31, LR: 0.000000
2025-04-27 06:09:19,051 - INFO - Epoch: 113, Train Acc: 50.60, Test Acc: 43.83, LR: 0.000000
2025-04-27 06:12:23,422 - INFO - Epoch: 114, Train Acc: 50.41, Test Acc: 42.11, LR: 0.000000
2025-04-27 06:15:27,713 - INFO - Epoch: 115, Train Acc: 51.39, Test Acc: 42.41, LR: 0.000000
2025-04-27 06:18:32,277 - INFO - Epoch: 116, Train Acc: 51.71, Test Acc: 41.96, LR: 0.000000
2025-04-27 06:21:36,226 - INFO - Epoch: 117, Train Acc: 50.73, Test Acc: 42.03, LR: 0.000000
2025-04-27 06:24:40,186 - INFO - Epoch: 118, Train Acc: 51.35, Test Acc: 42.78, LR: 0.000000
2025-04-27 06:27:44,249 - INFO - Epoch: 119, Train Acc: 51.15, Test Acc: 43.83, LR: 0.000000
2025-04-27 06:30:48,799 - INFO - Epoch: 120, Train Acc: 50.88, Test Acc: 41.36, LR: 0.000000
2025-04-27 06:33:53,307 - INFO - Epoch: 121, Train Acc: 51.45, Test Acc: 41.36, LR: 0.000000
2025-04-27 06:36:57,405 - INFO - Epoch: 122, Train Acc: 51.28, Test Acc: 43.16, LR: 0.000000
2025-04-27 06:40:01,600 - INFO - Epoch: 123, Train Acc: 51.03, Test Acc: 41.59, LR: 0.000000
2025-04-27 06:43:05,920 - INFO - Epoch: 124, Train Acc: 50.71, Test Acc: 42.86, LR: 0.000000
2025-04-27 06:46:10,145 - INFO - Epoch: 125, Train Acc: 51.13, Test Acc: 44.28, LR: 0.000000
2025-04-27 06:49:14,384 - INFO - Epoch: 126, Train Acc: 50.32, Test Acc: 41.29, LR: 0.000000
2025-04-27 06:52:18,613 - INFO - Epoch: 127, Train Acc: 51.37, Test Acc: 42.56, LR: 0.000000
2025-04-27 06:55:22,811 - INFO - Epoch: 128, Train Acc: 51.60, Test Acc: 42.93, LR: 0.000000
2025-04-27 06:58:27,296 - INFO - Epoch: 129, Train Acc: 50.13, Test Acc: 43.01, LR: 0.000000
2025-04-27 07:01:31,468 - INFO - Epoch: 130, Train Acc: 50.77, Test Acc: 42.93, LR: 0.000000
2025-04-27 07:04:35,772 - INFO - Epoch: 131, Train Acc: 51.43, Test Acc: 42.33, LR: 0.000000
2025-04-27 07:07:40,122 - INFO - Epoch: 132, Train Acc: 51.15, Test Acc: 42.11, LR: 0.000000
2025-04-27 07:10:44,036 - INFO - Epoch: 133, Train Acc: 51.03, Test Acc: 42.03, LR: 0.000000
2025-04-27 07:13:48,263 - INFO - Epoch: 134, Train Acc: 51.50, Test Acc: 42.71, LR: 0.000000
2025-04-27 07:16:52,196 - INFO - Epoch: 135, Train Acc: 51.43, Test Acc: 42.56, LR: 0.000000
2025-04-27 07:19:56,741 - INFO - Epoch: 136, Train Acc: 51.56, Test Acc: 42.03, LR: 0.000000
2025-04-27 07:23:00,628 - INFO - Epoch: 137, Train Acc: 51.15, Test Acc: 43.01, LR: 0.000000
2025-04-27 07:26:04,795 - INFO - Epoch: 138, Train Acc: 50.94, Test Acc: 43.46, LR: 0.000000
2025-04-27 07:29:08,985 - INFO - Epoch: 139, Train Acc: 50.41, Test Acc: 41.51, LR: 0.000000
2025-04-27 07:32:13,117 - INFO - Epoch: 140, Train Acc: 50.79, Test Acc: 41.29, LR: 0.000000
2025-04-27 07:35:17,491 - INFO - Epoch: 141, Train Acc: 51.30, Test Acc: 41.88, LR: 0.000000
2025-04-27 07:38:21,807 - INFO - Epoch: 142, Train Acc: 51.45, Test Acc: 42.41, LR: 0.000000
2025-04-27 07:41:25,963 - INFO - Epoch: 143, Train Acc: 51.41, Test Acc: 40.39, LR: 0.000000
2025-04-27 07:44:29,936 - INFO - Epoch: 144, Train Acc: 51.39, Test Acc: 42.48, LR: 0.000000
2025-04-27 07:47:33,882 - INFO - Epoch: 145, Train Acc: 50.73, Test Acc: 42.33, LR: 0.000000
2025-04-27 07:50:38,396 - INFO - Epoch: 146, Train Acc: 51.30, Test Acc: 42.86, LR: 0.000000
2025-04-27 07:53:42,862 - INFO - Epoch: 147, Train Acc: 51.69, Test Acc: 43.16, LR: 0.000000
2025-04-27 07:56:47,266 - INFO - Epoch: 148, Train Acc: 50.83, Test Acc: 41.96, LR: 0.000000
2025-04-27 07:59:51,884 - INFO - Epoch: 149, Train Acc: 52.33, Test Acc: 41.59, LR: 0.000000
2025-04-27 08:02:56,167 - INFO - Epoch: 150, Train Acc: 50.58, Test Acc: 42.93, LR: 0.000000
2025-04-27 08:06:00,456 - INFO - Epoch: 151, Train Acc: 50.21, Test Acc: 42.11, LR: 0.000000
2025-04-27 08:09:04,365 - INFO - Epoch: 152, Train Acc: 51.63, Test Acc: 42.33, LR: 0.000000
2025-04-27 08:12:08,603 - INFO - Epoch: 153, Train Acc: 50.56, Test Acc: 41.74, LR: 0.000000
2025-04-27 08:15:12,957 - INFO - Epoch: 154, Train Acc: 50.96, Test Acc: 44.28, LR: 0.000000
2025-04-27 08:18:17,277 - INFO - Epoch: 155, Train Acc: 51.35, Test Acc: 42.11, LR: 0.000000
2025-04-27 08:21:21,610 - INFO - Epoch: 156, Train Acc: 51.41, Test Acc: 42.11, LR: 0.000000
2025-04-27 08:24:25,707 - INFO - Epoch: 157, Train Acc: 51.01, Test Acc: 41.36, LR: 0.000000
2025-04-27 08:27:30,076 - INFO - Epoch: 158, Train Acc: 51.92, Test Acc: 43.46, LR: 0.000000
2025-04-27 08:30:33,826 - INFO - Epoch: 159, Train Acc: 50.68, Test Acc: 42.41, LR: 0.000000
2025-04-27 08:33:37,633 - INFO - Epoch: 160, Train Acc: 51.56, Test Acc: 43.61, LR: 0.000000
2025-04-27 08:36:41,582 - INFO - Epoch: 161, Train Acc: 51.41, Test Acc: 42.56, LR: 0.000000
2025-04-27 08:39:46,126 - INFO - Epoch: 162, Train Acc: 50.73, Test Acc: 42.63, LR: 0.000000
2025-04-27 08:42:50,047 - INFO - Epoch: 163, Train Acc: 51.88, Test Acc: 43.53, LR: 0.000000
2025-04-27 08:45:54,148 - INFO - Epoch: 164, Train Acc: 51.90, Test Acc: 42.41, LR: 0.000000
2025-04-27 08:48:58,340 - INFO - Epoch: 165, Train Acc: 51.39, Test Acc: 43.46, LR: 0.000000
2025-04-27 08:52:02,051 - INFO - Epoch: 166, Train Acc: 50.94, Test Acc: 42.18, LR: 0.000000
2025-04-27 08:55:06,189 - INFO - Epoch: 167, Train Acc: 50.90, Test Acc: 43.16, LR: 0.000000
2025-04-27 08:58:10,394 - INFO - Epoch: 168, Train Acc: 51.03, Test Acc: 42.78, LR: 0.000000
2025-04-27 09:01:14,431 - INFO - Epoch: 169, Train Acc: 51.43, Test Acc: 43.23, LR: 0.000000
2025-04-27 09:04:18,578 - INFO - Epoch: 170, Train Acc: 51.50, Test Acc: 41.36, LR: 0.000000
2025-04-27 09:07:22,727 - INFO - Epoch: 171, Train Acc: 51.37, Test Acc: 42.18, LR: 0.000000
2025-04-27 09:10:26,788 - INFO - Epoch: 172, Train Acc: 51.58, Test Acc: 44.13, LR: 0.000000
2025-04-27 09:13:30,907 - INFO - Epoch: 173, Train Acc: 51.84, Test Acc: 41.88, LR: 0.000000
2025-04-27 09:16:35,111 - INFO - Epoch: 174, Train Acc: 51.63, Test Acc: 43.38, LR: 0.000000
2025-04-27 09:19:40,368 - INFO - Epoch: 175, Train Acc: 51.90, Test Acc: 41.81, LR: 0.000000
2025-04-27 09:22:44,620 - INFO - Epoch: 176, Train Acc: 51.82, Test Acc: 43.01, LR: 0.000000
2025-04-27 09:25:49,451 - INFO - Epoch: 177, Train Acc: 51.26, Test Acc: 42.86, LR: 0.000000
2025-04-27 09:28:53,974 - INFO - Epoch: 178, Train Acc: 51.11, Test Acc: 42.33, LR: 0.000000
2025-04-27 09:31:58,784 - INFO - Epoch: 179, Train Acc: 51.18, Test Acc: 42.33, LR: 0.000000
2025-04-27 09:35:03,055 - INFO - Epoch: 180, Train Acc: 50.28, Test Acc: 41.44, LR: 0.000000
2025-04-27 09:38:07,136 - INFO - Epoch: 181, Train Acc: 51.90, Test Acc: 43.53, LR: 0.000000
2025-04-27 09:41:11,399 - INFO - Epoch: 182, Train Acc: 51.99, Test Acc: 42.33, LR: 0.000000
2025-04-27 09:44:15,369 - INFO - Epoch: 183, Train Acc: 51.71, Test Acc: 42.78, LR: 0.000000
2025-04-27 09:47:19,767 - INFO - Epoch: 184, Train Acc: 52.05, Test Acc: 42.03, LR: 0.000000
2025-04-27 09:50:24,015 - INFO - Epoch: 185, Train Acc: 51.86, Test Acc: 42.56, LR: 0.000000
2025-04-27 09:53:28,343 - INFO - Epoch: 186, Train Acc: 51.54, Test Acc: 42.63, LR: 0.000000
2025-04-27 09:56:32,099 - INFO - Epoch: 187, Train Acc: 51.48, Test Acc: 43.16, LR: 0.000000
2025-04-27 09:59:36,226 - INFO - Epoch: 188, Train Acc: 51.11, Test Acc: 41.88, LR: 0.000000
2025-04-27 10:02:40,464 - INFO - Epoch: 189, Train Acc: 51.22, Test Acc: 41.66, LR: 0.000000
2025-04-27 10:05:44,471 - INFO - Epoch: 190, Train Acc: 51.82, Test Acc: 42.71, LR: 0.000000
2025-04-27 10:08:49,129 - INFO - Epoch: 191, Train Acc: 51.39, Test Acc: 41.66, LR: 0.000000
2025-04-27 10:11:53,255 - INFO - Epoch: 192, Train Acc: 50.68, Test Acc: 42.56, LR: 0.000000
2025-04-27 10:14:57,409 - INFO - Epoch: 193, Train Acc: 51.35, Test Acc: 41.14, LR: 0.000000
2025-04-27 10:18:01,716 - INFO - Epoch: 194, Train Acc: 50.62, Test Acc: 42.48, LR: 0.000000
2025-04-27 10:21:05,847 - INFO - Epoch: 195, Train Acc: 50.81, Test Acc: 42.48, LR: 0.000000
2025-04-27 10:24:09,880 - INFO - Epoch: 196, Train Acc: 51.48, Test Acc: 42.41, LR: 0.000000
2025-04-27 10:27:13,946 - INFO - Epoch: 197, Train Acc: 50.90, Test Acc: 41.14, LR: 0.000000
2025-04-27 10:30:18,079 - INFO - Epoch: 198, Train Acc: 50.98, Test Acc: 43.68, LR: 0.000000
2025-04-27 10:33:22,155 - INFO - Epoch: 199, Train Acc: 51.75, Test Acc: 42.11, LR: 0.000000
2025-04-27 10:36:26,220 - INFO - Epoch: 200, Train Acc: 50.88, Test Acc: 42.56, LR: 0.000000
2025-04-27 10:39:30,465 - INFO - Epoch: 201, Train Acc: 51.48, Test Acc: 42.71, LR: 0.000000
2025-04-27 10:42:34,401 - INFO - Epoch: 202, Train Acc: 51.35, Test Acc: 39.94, LR: 0.000000
2025-04-27 10:45:38,477 - INFO - Epoch: 203, Train Acc: 50.58, Test Acc: 43.61, LR: 0.000000
2025-04-27 10:48:42,961 - INFO - Epoch: 204, Train Acc: 51.82, Test Acc: 42.48, LR: 0.000000
2025-04-27 10:51:47,031 - INFO - Epoch: 205, Train Acc: 50.62, Test Acc: 41.44, LR: 0.000000
2025-04-27 10:54:51,459 - INFO - Epoch: 206, Train Acc: 51.05, Test Acc: 42.78, LR: 0.000000
2025-04-27 10:57:55,860 - INFO - Epoch: 207, Train Acc: 51.67, Test Acc: 41.81, LR: 0.000000
2025-04-27 11:00:59,975 - INFO - Epoch: 208, Train Acc: 51.43, Test Acc: 42.41, LR: 0.000000
2025-04-27 11:04:04,111 - INFO - Epoch: 209, Train Acc: 51.60, Test Acc: 42.71, LR: 0.000000
2025-04-27 11:07:08,284 - INFO - Epoch: 210, Train Acc: 51.39, Test Acc: 43.16, LR: 0.000000
2025-04-27 11:10:12,718 - INFO - Epoch: 211, Train Acc: 50.88, Test Acc: 42.93, LR: 0.000000
2025-04-27 11:13:16,832 - INFO - Epoch: 212, Train Acc: 51.07, Test Acc: 43.31, LR: 0.000000
2025-04-27 11:16:20,677 - INFO - Epoch: 213, Train Acc: 51.30, Test Acc: 40.69, LR: 0.000000
2025-04-27 11:19:24,885 - INFO - Epoch: 214, Train Acc: 51.33, Test Acc: 42.78, LR: 0.000000
2025-04-27 11:22:28,769 - INFO - Epoch: 215, Train Acc: 50.88, Test Acc: 43.23, LR: 0.000000
2025-04-27 11:25:32,882 - INFO - Epoch: 216, Train Acc: 51.01, Test Acc: 43.23, LR: 0.000000
2025-04-27 11:28:37,799 - INFO - Epoch: 217, Train Acc: 51.73, Test Acc: 42.71, LR: 0.000000
2025-04-27 11:31:42,309 - INFO - Epoch: 218, Train Acc: 51.97, Test Acc: 42.63, LR: 0.000000
2025-04-27 11:34:46,348 - INFO - Epoch: 219, Train Acc: 51.80, Test Acc: 42.41, LR: 0.000000
2025-04-27 11:37:50,498 - INFO - Epoch: 220, Train Acc: 51.97, Test Acc: 42.41, LR: 0.000000
2025-04-27 11:40:54,989 - INFO - Epoch: 221, Train Acc: 51.52, Test Acc: 41.59, LR: 0.000000
2025-04-27 11:43:59,164 - INFO - Epoch: 222, Train Acc: 51.28, Test Acc: 41.96, LR: 0.000000
2025-04-27 11:47:03,252 - INFO - Epoch: 223, Train Acc: 51.43, Test Acc: 41.44, LR: 0.000000
2025-04-27 11:50:07,525 - INFO - Epoch: 224, Train Acc: 51.67, Test Acc: 42.26, LR: 0.000000
2025-04-27 11:53:11,942 - INFO - Epoch: 225, Train Acc: 51.35, Test Acc: 42.03, LR: 0.000000
2025-04-27 11:56:16,573 - INFO - Epoch: 226, Train Acc: 51.24, Test Acc: 42.33, LR: 0.000000
2025-04-27 11:59:20,767 - INFO - Epoch: 227, Train Acc: 51.39, Test Acc: 40.99, LR: 0.000000
2025-04-27 12:02:25,523 - INFO - Epoch: 228, Train Acc: 51.37, Test Acc: 41.21, LR: 0.000000
2025-04-27 12:05:29,700 - INFO - Epoch: 229, Train Acc: 50.73, Test Acc: 41.96, LR: 0.000000
2025-04-27 12:08:33,962 - INFO - Epoch: 230, Train Acc: 50.96, Test Acc: 42.71, LR: 0.000000
2025-04-27 12:11:38,620 - INFO - Epoch: 231, Train Acc: 51.43, Test Acc: 42.63, LR: 0.000000
2025-04-27 12:14:42,896 - INFO - Epoch: 232, Train Acc: 51.03, Test Acc: 42.33, LR: 0.000000
2025-04-27 12:17:47,506 - INFO - Epoch: 233, Train Acc: 50.60, Test Acc: 43.16, LR: 0.000000
2025-04-27 12:20:51,678 - INFO - Epoch: 234, Train Acc: 51.48, Test Acc: 42.18, LR: 0.000000
2025-04-27 12:23:56,049 - INFO - Epoch: 235, Train Acc: 51.67, Test Acc: 42.11, LR: 0.000000
2025-04-27 12:27:00,246 - INFO - Epoch: 236, Train Acc: 52.05, Test Acc: 42.11, LR: 0.000000
2025-04-27 12:30:04,784 - INFO - Epoch: 237, Train Acc: 52.16, Test Acc: 43.75, LR: 0.000000
2025-04-27 12:33:08,918 - INFO - Epoch: 238, Train Acc: 51.33, Test Acc: 41.81, LR: 0.000000
2025-04-27 12:36:13,325 - INFO - Epoch: 239, Train Acc: 51.15, Test Acc: 41.74, LR: 0.000000
2025-04-27 12:39:18,550 - INFO - Epoch: 240, Train Acc: 51.88, Test Acc: 42.56, LR: 0.000000
2025-04-27 12:42:23,474 - INFO - Epoch: 241, Train Acc: 51.11, Test Acc: 42.93, LR: 0.000000
2025-04-27 12:45:27,540 - INFO - Epoch: 242, Train Acc: 51.07, Test Acc: 42.26, LR: 0.000000
2025-04-27 12:48:32,038 - INFO - Epoch: 243, Train Acc: 51.45, Test Acc: 41.74, LR: 0.000000
2025-04-27 12:51:36,361 - INFO - Epoch: 244, Train Acc: 50.86, Test Acc: 42.56, LR: 0.000000
2025-04-27 12:54:40,692 - INFO - Epoch: 245, Train Acc: 51.35, Test Acc: 43.01, LR: 0.000000
2025-04-27 12:58:56,060 - INFO - Retained old model
2025-04-27 13:07:02,380 - INFO - Epoch: 1, Train Acc: 6.80, Test Acc: 5.46, LR: 0.001000
2025-04-27 13:10:07,264 - INFO - Epoch: 2, Train Acc: 12.28, Test Acc: 13.46, LR: 0.001000
2025-04-27 13:13:11,872 - INFO - Epoch: 3, Train Acc: 15.27, Test Acc: 16.23, LR: 0.001000
2025-04-27 13:16:16,478 - INFO - Epoch: 4, Train Acc: 17.30, Test Acc: 18.25, LR: 0.001000
2025-04-27 13:19:21,229 - INFO - Epoch: 5, Train Acc: 19.08, Test Acc: 15.78, LR: 0.001000
2025-04-27 13:22:25,546 - INFO - Epoch: 6, Train Acc: 20.04, Test Acc: 19.75, LR: 0.001000
2025-04-27 13:25:29,957 - INFO - Epoch: 7, Train Acc: 21.79, Test Acc: 16.68, LR: 0.001000
2025-04-27 13:28:34,396 - INFO - Epoch: 8, Train Acc: 22.48, Test Acc: 17.28, LR: 0.001000
2025-04-27 13:31:38,704 - INFO - Epoch: 9, Train Acc: 23.63, Test Acc: 20.94, LR: 0.001000
2025-04-27 13:34:42,900 - INFO - Epoch: 10, Train Acc: 24.96, Test Acc: 22.66, LR: 0.001000
2025-04-27 13:37:47,546 - INFO - Epoch: 11, Train Acc: 26.07, Test Acc: 19.15, LR: 0.001000
2025-04-27 13:40:52,113 - INFO - Epoch: 12, Train Acc: 26.52, Test Acc: 22.89, LR: 0.001000
2025-04-27 13:43:56,419 - INFO - Epoch: 13, Train Acc: 27.14, Test Acc: 23.49, LR: 0.001000
2025-04-27 13:47:00,965 - INFO - Epoch: 14, Train Acc: 28.25, Test Acc: 24.91, LR: 0.001000
2025-04-27 13:50:05,283 - INFO - Epoch: 15, Train Acc: 28.79, Test Acc: 20.79, LR: 0.001000
2025-04-27 13:53:09,612 - INFO - Epoch: 16, Train Acc: 28.89, Test Acc: 22.81, LR: 0.001000
2025-04-27 13:56:13,797 - INFO - Epoch: 17, Train Acc: 30.13, Test Acc: 24.76, LR: 0.001000
2025-04-27 13:59:17,875 - INFO - Epoch: 18, Train Acc: 30.60, Test Acc: 26.70, LR: 0.001000
2025-04-27 14:02:22,255 - INFO - Epoch: 19, Train Acc: 31.48, Test Acc: 27.30, LR: 0.001000
2025-04-27 14:05:26,375 - INFO - Epoch: 20, Train Acc: 32.59, Test Acc: 26.10, LR: 0.001000
2025-04-27 14:08:30,932 - INFO - Epoch: 21, Train Acc: 32.78, Test Acc: 27.30, LR: 0.001000
2025-04-27 14:11:35,390 - INFO - Epoch: 22, Train Acc: 32.91, Test Acc: 27.00, LR: 0.001000
2025-04-27 14:14:39,880 - INFO - Epoch: 23, Train Acc: 33.17, Test Acc: 29.77, LR: 0.001000
2025-04-27 14:17:44,418 - INFO - Epoch: 24, Train Acc: 35.12, Test Acc: 29.02, LR: 0.001000
2025-04-27 14:20:48,977 - INFO - Epoch: 25, Train Acc: 35.27, Test Acc: 31.71, LR: 0.001000
2025-04-27 14:23:53,761 - INFO - Epoch: 26, Train Acc: 35.86, Test Acc: 31.26, LR: 0.001000
2025-04-27 14:26:58,554 - INFO - Epoch: 27, Train Acc: 36.74, Test Acc: 26.33, LR: 0.001000
2025-04-27 14:30:03,397 - INFO - Epoch: 28, Train Acc: 36.10, Test Acc: 29.77, LR: 0.001000
2025-04-27 14:33:08,110 - INFO - Epoch: 29, Train Acc: 36.85, Test Acc: 32.69, LR: 0.001000
2025-04-27 14:36:12,995 - INFO - Epoch: 30, Train Acc: 36.66, Test Acc: 30.14, LR: 0.001000
2025-04-27 14:39:17,791 - INFO - Epoch: 31, Train Acc: 37.25, Test Acc: 29.24, LR: 0.001000
2025-04-27 14:42:21,822 - INFO - Epoch: 32, Train Acc: 37.36, Test Acc: 29.92, LR: 0.001000
2025-04-27 14:45:26,239 - INFO - Epoch: 33, Train Acc: 38.07, Test Acc: 33.51, LR: 0.001000
2025-04-27 14:48:30,394 - INFO - Epoch: 34, Train Acc: 37.90, Test Acc: 31.11, LR: 0.001000
2025-04-27 14:51:34,602 - INFO - Epoch: 35, Train Acc: 38.99, Test Acc: 29.32, LR: 0.001000
2025-04-27 14:54:38,995 - INFO - Epoch: 36, Train Acc: 38.60, Test Acc: 32.01, LR: 0.001000
2025-04-27 14:57:43,029 - INFO - Epoch: 37, Train Acc: 38.67, Test Acc: 34.78, LR: 0.001000
2025-04-27 15:00:47,437 - INFO - Epoch: 38, Train Acc: 39.52, Test Acc: 28.80, LR: 0.001000
2025-04-27 15:03:03,731 - INFO - Retained old model
2025-04-27 15:11:08,082 - INFO - Epoch: 1, Train Acc: 5.03, Test Acc: 3.29, LR: 0.100000
2025-04-27 15:14:12,206 - INFO - Epoch: 2, Train Acc: 3.87, Test Acc: 2.09, LR: 0.100000
2025-04-27 15:17:16,315 - INFO - Epoch: 3, Train Acc: 2.80, Test Acc: 2.69, LR: 0.100000
2025-04-27 15:20:20,975 - INFO - Epoch: 4, Train Acc: 2.59, Test Acc: 2.17, LR: 0.100000
2025-04-27 15:23:25,138 - INFO - Epoch: 5, Train Acc: 2.91, Test Acc: 1.94, LR: 0.100000
2025-04-27 15:26:29,457 - INFO - Epoch: 6, Train Acc: 3.42, Test Acc: 3.74, LR: 0.100000
2025-04-27 15:29:33,153 - INFO - Epoch: 7, Train Acc: 3.40, Test Acc: 4.56, LR: 0.100000
2025-04-27 15:32:37,415 - INFO - Epoch: 8, Train Acc: 4.08, Test Acc: 3.59, LR: 0.100000
2025-04-27 15:35:41,433 - INFO - Epoch: 9, Train Acc: 3.29, Test Acc: 3.74, LR: 0.100000
2025-04-27 15:38:46,149 - INFO - Epoch: 10, Train Acc: 3.93, Test Acc: 3.59, LR: 0.010000
2025-04-27 15:41:50,674 - INFO - Epoch: 11, Train Acc: 3.85, Test Acc: 3.07, LR: 0.010000
2025-04-27 15:44:54,859 - INFO - Epoch: 12, Train Acc: 4.19, Test Acc: 5.39, LR: 0.010000
2025-04-27 15:47:58,917 - INFO - Epoch: 13, Train Acc: 3.98, Test Acc: 3.59, LR: 0.010000
2025-04-27 15:51:03,433 - INFO - Epoch: 14, Train Acc: 4.58, Test Acc: 5.01, LR: 0.010000
2025-04-27 15:54:07,770 - INFO - Epoch: 15, Train Acc: 4.43, Test Acc: 4.34, LR: 0.010000
2025-04-27 15:57:11,926 - INFO - Epoch: 16, Train Acc: 4.58, Test Acc: 4.04, LR: 0.010000
2025-04-27 16:00:15,422 - INFO - Epoch: 17, Train Acc: 4.92, Test Acc: 4.26, LR: 0.010000
2025-04-27 16:03:19,448 - INFO - Epoch: 18, Train Acc: 5.58, Test Acc: 4.34, LR: 0.010000
2025-04-27 16:06:23,749 - INFO - Epoch: 19, Train Acc: 5.22, Test Acc: 5.01, LR: 0.010000
2025-04-27 16:09:27,804 - INFO - Epoch: 20, Train Acc: 5.47, Test Acc: 5.24, LR: 0.001000
2025-04-27 16:12:32,162 - INFO - Epoch: 21, Train Acc: 5.13, Test Acc: 5.24, LR: 0.001000
2025-04-27 16:15:36,280 - INFO - Epoch: 22, Train Acc: 5.69, Test Acc: 4.94, LR: 0.001000
2025-04-27 16:18:40,987 - INFO - Epoch: 23, Train Acc: 5.62, Test Acc: 5.68, LR: 0.001000
2025-04-27 16:21:44,803 - INFO - Epoch: 24, Train Acc: 6.48, Test Acc: 5.91, LR: 0.001000
2025-04-27 16:24:49,357 - INFO - Epoch: 25, Train Acc: 6.22, Test Acc: 5.68, LR: 0.001000
2025-04-27 16:27:53,588 - INFO - Epoch: 26, Train Acc: 5.92, Test Acc: 5.61, LR: 0.001000
2025-04-27 16:30:58,176 - INFO - Epoch: 27, Train Acc: 5.56, Test Acc: 5.31, LR: 0.001000
2025-04-27 16:34:02,567 - INFO - Epoch: 28, Train Acc: 5.97, Test Acc: 5.39, LR: 0.001000
2025-04-27 16:37:06,534 - INFO - Epoch: 29, Train Acc: 6.24, Test Acc: 5.61, LR: 0.001000
2025-04-27 16:38:10,205 - INFO - Retained old model
2025-04-27 16:46:14,971 - INFO - Epoch: 1, Train Acc: 4.49, Test Acc: 4.56, LR: 0.100000
2025-04-27 16:47:21,125 - INFO - Retained old model
2025-04-27 16:55:26,956 - INFO - Epoch: 1, Train Acc: 3.42, Test Acc: 4.19, LR: 0.000100
2025-04-27 16:58:31,675 - INFO - Epoch: 2, Train Acc: 7.01, Test Acc: 9.05, LR: 0.000100
2025-04-27 17:01:36,748 - INFO - Epoch: 3, Train Acc: 10.93, Test Acc: 12.19, LR: 0.000100
2025-04-27 17:04:41,355 - INFO - Epoch: 4, Train Acc: 14.16, Test Acc: 13.99, LR: 0.000100
2025-04-27 17:07:45,711 - INFO - Epoch: 5, Train Acc: 16.96, Test Acc: 17.50, LR: 0.000100
2025-04-27 17:10:50,254 - INFO - Epoch: 6, Train Acc: 18.05, Test Acc: 17.88, LR: 0.000100
2025-04-27 17:13:54,786 - INFO - Epoch: 7, Train Acc: 19.91, Test Acc: 19.00, LR: 0.000100
2025-04-27 17:16:59,488 - INFO - Epoch: 8, Train Acc: 22.28, Test Acc: 20.49, LR: 0.000100
2025-04-27 17:20:04,545 - INFO - Epoch: 9, Train Acc: 23.48, Test Acc: 21.84, LR: 0.000100
2025-04-27 17:23:10,045 - INFO - Epoch: 10, Train Acc: 25.06, Test Acc: 23.34, LR: 0.000100
2025-04-27 17:26:15,116 - INFO - Epoch: 11, Train Acc: 25.66, Test Acc: 23.56, LR: 0.000100
2025-04-27 17:29:20,186 - INFO - Epoch: 12, Train Acc: 26.95, Test Acc: 25.36, LR: 0.000100
2025-04-27 17:32:25,170 - INFO - Epoch: 13, Train Acc: 27.80, Test Acc: 25.80, LR: 0.000100
2025-04-27 17:35:30,292 - INFO - Epoch: 14, Train Acc: 29.23, Test Acc: 26.03, LR: 0.000100
2025-04-27 17:38:35,287 - INFO - Epoch: 15, Train Acc: 29.90, Test Acc: 28.05, LR: 0.000100
2025-04-27 17:41:40,559 - INFO - Epoch: 16, Train Acc: 32.38, Test Acc: 27.90, LR: 0.000100
2025-04-27 17:44:45,399 - INFO - Epoch: 17, Train Acc: 32.61, Test Acc: 29.92, LR: 0.000100
2025-04-27 17:47:50,391 - INFO - Epoch: 18, Train Acc: 33.60, Test Acc: 29.24, LR: 0.000100
2025-04-27 17:50:55,207 - INFO - Epoch: 19, Train Acc: 35.29, Test Acc: 31.64, LR: 0.000100
2025-04-27 17:53:59,949 - INFO - Epoch: 20, Train Acc: 36.51, Test Acc: 32.39, LR: 0.000100
2025-04-27 17:57:04,458 - INFO - Epoch: 21, Train Acc: 37.60, Test Acc: 33.13, LR: 0.000100
2025-04-27 18:00:09,751 - INFO - Epoch: 22, Train Acc: 37.87, Test Acc: 33.36, LR: 0.000100
2025-04-27 18:03:14,709 - INFO - Epoch: 23, Train Acc: 38.99, Test Acc: 33.96, LR: 0.000100
2025-04-27 18:06:19,063 - INFO - Epoch: 24, Train Acc: 40.36, Test Acc: 33.73, LR: 0.000100
2025-04-27 18:09:23,233 - INFO - Epoch: 25, Train Acc: 40.70, Test Acc: 34.85, LR: 0.000100
2025-04-27 18:12:27,714 - INFO - Epoch: 26, Train Acc: 42.09, Test Acc: 35.23, LR: 0.000100
2025-04-27 18:15:32,480 - INFO - Epoch: 27, Train Acc: 42.54, Test Acc: 36.80, LR: 0.000100
2025-04-27 18:18:37,183 - INFO - Epoch: 28, Train Acc: 43.26, Test Acc: 36.87, LR: 0.000100
2025-04-27 18:21:41,315 - INFO - Epoch: 29, Train Acc: 43.56, Test Acc: 37.47, LR: 0.000100
2025-04-27 18:24:45,344 - INFO - Epoch: 30, Train Acc: 45.12, Test Acc: 38.67, LR: 0.000100
2025-04-27 18:27:49,385 - INFO - Epoch: 31, Train Acc: 45.59, Test Acc: 37.55, LR: 0.000100
2025-04-27 18:30:53,612 - INFO - Epoch: 32, Train Acc: 46.15, Test Acc: 38.59, LR: 0.000100
2025-04-27 18:33:57,628 - INFO - Epoch: 33, Train Acc: 47.24, Test Acc: 41.96, LR: 0.000100
2025-04-27 18:37:01,677 - INFO - Epoch: 34, Train Acc: 47.88, Test Acc: 40.24, LR: 0.000100
2025-04-27 18:40:05,739 - INFO - Epoch: 35, Train Acc: 48.31, Test Acc: 42.63, LR: 0.000100
2025-04-27 18:43:09,802 - INFO - Epoch: 36, Train Acc: 48.46, Test Acc: 42.11, LR: 0.000100
2025-04-27 18:46:13,924 - INFO - Epoch: 37, Train Acc: 49.51, Test Acc: 43.31, LR: 0.000100
2025-04-27 18:49:18,162 - INFO - Epoch: 38, Train Acc: 50.24, Test Acc: 42.18, LR: 0.000100
2025-04-27 18:52:22,220 - INFO - Epoch: 39, Train Acc: 51.03, Test Acc: 43.98, LR: 0.000100
2025-04-27 18:55:26,629 - INFO - Epoch: 40, Train Acc: 51.20, Test Acc: 43.61, LR: 0.000010
2025-04-27 18:58:30,668 - INFO - Epoch: 41, Train Acc: 52.01, Test Acc: 44.58, LR: 0.000010
2025-04-27 19:01:34,626 - INFO - Epoch: 42, Train Acc: 53.46, Test Acc: 44.50, LR: 0.000010
2025-04-27 19:04:39,231 - INFO - Epoch: 43, Train Acc: 52.80, Test Acc: 44.35, LR: 0.000010
2025-04-27 19:07:43,580 - INFO - Epoch: 44, Train Acc: 53.87, Test Acc: 45.18, LR: 0.000010
2025-04-27 19:10:48,160 - INFO - Epoch: 45, Train Acc: 53.81, Test Acc: 43.68, LR: 0.000010
2025-04-27 19:13:53,161 - INFO - Epoch: 46, Train Acc: 53.34, Test Acc: 44.50, LR: 0.000010
2025-04-27 19:16:57,173 - INFO - Epoch: 47, Train Acc: 53.76, Test Acc: 45.25, LR: 0.000010
2025-04-27 19:20:01,540 - INFO - Epoch: 48, Train Acc: 54.26, Test Acc: 46.00, LR: 0.000010
2025-04-27 19:23:06,222 - INFO - Epoch: 49, Train Acc: 54.21, Test Acc: 44.50, LR: 0.000010
2025-04-27 19:26:11,526 - INFO - Epoch: 50, Train Acc: 54.43, Test Acc: 44.88, LR: 0.000010
2025-04-27 19:26:11,758 - INFO - Best model saved at models/lrcn_best_2025_04_27__19_26_11.pth
2025-04-27 19:29:26,918 - INFO - Final Train Accuracy: 53.81%
2025-04-27 19:29:26,918 - INFO - Final Validation Accuracy: 45.36%
2025-04-27 19:29:26,918 - INFO - Final Test Accuracy: 45.92%
2025-04-27 20:19:37,488 - INFO - Retained old model
2025-04-27 21:03:46,435 - INFO - Retained old model
2025-04-27 21:11:51,456 - INFO - Epoch: 1, Train Acc: 3.40, Test Acc: 3.89, LR: 0.000100
2025-04-27 21:14:55,791 - INFO - Epoch: 2, Train Acc: 7.25, Test Acc: 9.95, LR: 0.000100
2025-04-27 21:18:00,799 - INFO - Epoch: 3, Train Acc: 10.93, Test Acc: 13.31, LR: 0.000100
2025-04-27 21:21:05,241 - INFO - Epoch: 4, Train Acc: 13.71, Test Acc: 13.76, LR: 0.000100
2025-04-27 21:24:10,187 - INFO - Epoch: 5, Train Acc: 16.64, Test Acc: 15.56, LR: 0.000100
2025-04-27 21:27:14,626 - INFO - Epoch: 6, Train Acc: 17.99, Test Acc: 17.50, LR: 0.000100
2025-04-27 21:30:18,976 - INFO - Epoch: 7, Train Acc: 20.53, Test Acc: 18.32, LR: 0.000100
2025-04-27 21:33:23,963 - INFO - Epoch: 8, Train Acc: 21.47, Test Acc: 20.27, LR: 0.000100
2025-04-27 21:36:28,639 - INFO - Epoch: 9, Train Acc: 23.12, Test Acc: 21.84, LR: 0.000100
2025-04-27 21:39:34,076 - INFO - Epoch: 10, Train Acc: 24.74, Test Acc: 24.46, LR: 0.000100
2025-04-27 21:42:39,017 - INFO - Epoch: 11, Train Acc: 25.51, Test Acc: 24.98, LR: 0.000100
2025-04-27 21:45:44,469 - INFO - Epoch: 12, Train Acc: 27.93, Test Acc: 25.43, LR: 0.000100
2025-04-27 21:48:49,770 - INFO - Epoch: 13, Train Acc: 29.32, Test Acc: 26.63, LR: 0.000100
2025-04-27 21:51:53,846 - INFO - Epoch: 14, Train Acc: 29.68, Test Acc: 27.37, LR: 0.000100
2025-04-27 21:54:57,974 - INFO - Epoch: 15, Train Acc: 30.80, Test Acc: 29.09, LR: 0.000100
2025-04-27 21:58:02,097 - INFO - Epoch: 16, Train Acc: 32.53, Test Acc: 29.84, LR: 0.000100
2025-04-27 22:01:06,324 - INFO - Epoch: 17, Train Acc: 33.83, Test Acc: 30.52, LR: 0.000100
2025-04-27 22:04:10,729 - INFO - Epoch: 18, Train Acc: 34.58, Test Acc: 32.61, LR: 0.000100
2025-04-27 22:07:14,836 - INFO - Epoch: 19, Train Acc: 35.61, Test Acc: 32.24, LR: 0.000100
2025-04-27 22:10:19,026 - INFO - Epoch: 20, Train Acc: 37.00, Test Acc: 29.84, LR: 0.000100
2025-04-27 22:13:23,376 - INFO - Epoch: 21, Train Acc: 38.02, Test Acc: 30.52, LR: 0.000100
2025-04-27 22:16:27,920 - INFO - Epoch: 22, Train Acc: 38.15, Test Acc: 34.33, LR: 0.000100
2025-04-27 22:19:32,479 - INFO - Epoch: 23, Train Acc: 39.22, Test Acc: 34.03, LR: 0.000100
2025-04-27 22:22:37,061 - INFO - Epoch: 24, Train Acc: 40.10, Test Acc: 33.96, LR: 0.000100
2025-04-27 22:25:41,722 - INFO - Epoch: 25, Train Acc: 41.62, Test Acc: 35.98, LR: 0.000100
2025-04-27 22:28:46,404 - INFO - Epoch: 26, Train Acc: 41.27, Test Acc: 36.28, LR: 0.000100
2025-04-27 22:31:51,414 - INFO - Epoch: 27, Train Acc: 42.32, Test Acc: 37.77, LR: 0.000100
2025-04-27 22:34:56,293 - INFO - Epoch: 28, Train Acc: 43.80, Test Acc: 37.32, LR: 0.000100
2025-04-27 22:38:01,379 - INFO - Epoch: 29, Train Acc: 44.78, Test Acc: 37.70, LR: 0.000100
2025-04-27 22:41:06,087 - INFO - Epoch: 30, Train Acc: 45.21, Test Acc: 38.59, LR: 0.000100
2025-04-27 22:44:10,126 - INFO - Epoch: 31, Train Acc: 45.40, Test Acc: 38.22, LR: 0.000100
2025-04-27 22:47:14,916 - INFO - Epoch: 32, Train Acc: 45.47, Test Acc: 39.34, LR: 0.000100
2025-04-27 22:50:19,586 - INFO - Epoch: 33, Train Acc: 47.33, Test Acc: 40.09, LR: 0.000100
2025-04-27 22:53:24,555 - INFO - Epoch: 34, Train Acc: 47.75, Test Acc: 40.91, LR: 0.000100
2025-04-27 22:56:29,357 - INFO - Epoch: 35, Train Acc: 48.89, Test Acc: 41.21, LR: 0.000100
2025-04-27 22:59:33,655 - INFO - Epoch: 36, Train Acc: 48.33, Test Acc: 43.90, LR: 0.000100
2025-04-27 23:02:37,948 - INFO - Epoch: 37, Train Acc: 49.68, Test Acc: 42.18, LR: 0.000100
2025-04-27 23:05:42,768 - INFO - Epoch: 38, Train Acc: 50.96, Test Acc: 43.31, LR: 0.000100
2025-04-27 23:08:47,611 - INFO - Epoch: 39, Train Acc: 51.39, Test Acc: 44.65, LR: 0.000100
2025-04-27 23:11:52,072 - INFO - Epoch: 40, Train Acc: 52.01, Test Acc: 45.47, LR: 0.000100
2025-04-27 23:14:55,626 - INFO - Epoch: 41, Train Acc: 51.97, Test Acc: 45.85, LR: 0.000100
2025-04-27 23:18:00,047 - INFO - Epoch: 42, Train Acc: 52.89, Test Acc: 43.83, LR: 0.000100
2025-04-27 23:21:04,214 - INFO - Epoch: 43, Train Acc: 52.95, Test Acc: 44.73, LR: 0.000100
2025-04-27 23:24:08,698 - INFO - Epoch: 44, Train Acc: 53.23, Test Acc: 46.30, LR: 0.000100
2025-04-27 23:27:12,727 - INFO - Epoch: 45, Train Acc: 54.28, Test Acc: 45.40, LR: 0.000100
2025-04-27 23:30:16,795 - INFO - Epoch: 46, Train Acc: 54.70, Test Acc: 46.82, LR: 0.000100
2025-04-27 23:33:20,839 - INFO - Epoch: 47, Train Acc: 55.39, Test Acc: 45.55, LR: 0.000100
2025-04-27 23:36:25,134 - INFO - Epoch: 48, Train Acc: 55.90, Test Acc: 46.82, LR: 0.000100
2025-04-27 23:39:29,050 - INFO - Epoch: 49, Train Acc: 55.75, Test Acc: 46.75, LR: 0.000100
2025-04-27 23:42:32,738 - INFO - Epoch: 50, Train Acc: 56.50, Test Acc: 49.59, LR: 0.000100
2025-04-27 23:45:37,535 - INFO - Epoch: 51, Train Acc: 57.53, Test Acc: 50.86, LR: 0.000100
2025-04-27 23:48:41,498 - INFO - Epoch: 52, Train Acc: 57.49, Test Acc: 48.99, LR: 0.000100
2025-04-27 23:51:45,806 - INFO - Epoch: 53, Train Acc: 58.62, Test Acc: 50.04, LR: 0.000100
2025-04-27 23:54:50,089 - INFO - Epoch: 54, Train Acc: 59.02, Test Acc: 49.21, LR: 0.000100
2025-04-27 23:57:54,252 - INFO - Epoch: 55, Train Acc: 59.94, Test Acc: 50.79, LR: 0.000100
2025-04-28 00:00:58,153 - INFO - Epoch: 56, Train Acc: 59.62, Test Acc: 52.06, LR: 0.000100
2025-04-28 00:04:02,597 - INFO - Epoch: 57, Train Acc: 60.76, Test Acc: 51.08, LR: 0.000100
2025-04-28 00:07:06,432 - INFO - Epoch: 58, Train Acc: 60.31, Test Acc: 51.31, LR: 0.000100
2025-04-28 00:10:10,545 - INFO - Epoch: 59, Train Acc: 62.04, Test Acc: 52.80, LR: 0.000100
2025-04-28 00:13:14,253 - INFO - Epoch: 60, Train Acc: 62.17, Test Acc: 53.33, LR: 0.000100
2025-04-28 00:16:18,587 - INFO - Epoch: 61, Train Acc: 62.25, Test Acc: 52.73, LR: 0.000100
2025-04-28 00:19:22,496 - INFO - Epoch: 62, Train Acc: 63.02, Test Acc: 53.48, LR: 0.000100
2025-04-28 00:22:27,637 - INFO - Epoch: 63, Train Acc: 62.70, Test Acc: 54.90, LR: 0.000100
2025-04-28 00:25:32,503 - INFO - Epoch: 64, Train Acc: 63.86, Test Acc: 56.32, LR: 0.000100
2025-04-28 00:28:36,794 - INFO - Epoch: 65, Train Acc: 64.31, Test Acc: 56.77, LR: 0.000100
2025-04-28 00:31:40,840 - INFO - Epoch: 66, Train Acc: 64.24, Test Acc: 55.72, LR: 0.000100
2025-04-28 00:34:44,927 - INFO - Epoch: 67, Train Acc: 64.59, Test Acc: 55.95, LR: 0.000100
2025-04-28 00:37:48,849 - INFO - Epoch: 68, Train Acc: 64.71, Test Acc: 54.60, LR: 0.000100
2025-04-28 00:40:53,115 - INFO - Epoch: 69, Train Acc: 64.93, Test Acc: 55.05, LR: 0.000100
2025-04-28 00:43:57,902 - INFO - Epoch: 70, Train Acc: 65.18, Test Acc: 55.57, LR: 0.000100
2025-04-28 00:47:01,941 - INFO - Epoch: 71, Train Acc: 65.42, Test Acc: 56.92, LR: 0.000100
2025-04-28 00:50:05,625 - INFO - Epoch: 72, Train Acc: 66.53, Test Acc: 56.47, LR: 0.000100
2025-04-28 00:53:10,558 - INFO - Epoch: 73, Train Acc: 65.59, Test Acc: 55.65, LR: 0.000100
2025-04-28 00:56:15,086 - INFO - Epoch: 74, Train Acc: 67.43, Test Acc: 57.59, LR: 0.000100
2025-04-28 00:59:19,000 - INFO - Epoch: 75, Train Acc: 67.39, Test Acc: 59.01, LR: 0.000100
2025-04-28 01:02:22,590 - INFO - Epoch: 76, Train Acc: 67.09, Test Acc: 58.34, LR: 0.000100
2025-04-28 01:05:26,467 - INFO - Epoch: 77, Train Acc: 68.07, Test Acc: 58.41, LR: 0.000100
2025-04-28 01:08:29,985 - INFO - Epoch: 78, Train Acc: 68.95, Test Acc: 60.58, LR: 0.000100
2025-04-28 01:11:33,810 - INFO - Epoch: 79, Train Acc: 68.78, Test Acc: 58.56, LR: 0.000100
2025-04-28 01:14:37,668 - INFO - Epoch: 80, Train Acc: 69.65, Test Acc: 58.04, LR: 0.000100
2025-04-28 01:17:41,238 - INFO - Epoch: 81, Train Acc: 69.23, Test Acc: 58.79, LR: 0.000100
2025-04-28 01:20:45,066 - INFO - Epoch: 82, Train Acc: 70.47, Test Acc: 59.09, LR: 0.000100
2025-04-28 01:23:49,177 - INFO - Epoch: 83, Train Acc: 70.19, Test Acc: 60.81, LR: 0.000100
2025-04-28 01:26:53,026 - INFO - Epoch: 84, Train Acc: 70.38, Test Acc: 60.28, LR: 0.000100
2025-04-28 01:29:56,874 - INFO - Epoch: 85, Train Acc: 71.94, Test Acc: 60.58, LR: 0.000100
2025-04-28 01:33:00,515 - INFO - Epoch: 86, Train Acc: 71.86, Test Acc: 60.58, LR: 0.000100
2025-04-28 01:36:04,043 - INFO - Epoch: 87, Train Acc: 72.63, Test Acc: 60.66, LR: 0.000100
2025-04-28 01:39:08,668 - INFO - Epoch: 88, Train Acc: 71.75, Test Acc: 61.56, LR: 0.000100
2025-04-28 01:42:12,796 - INFO - Epoch: 89, Train Acc: 72.43, Test Acc: 62.15, LR: 0.000100
2025-04-28 01:45:16,726 - INFO - Epoch: 90, Train Acc: 71.60, Test Acc: 60.13, LR: 0.000100
2025-04-28 01:48:20,464 - INFO - Epoch: 91, Train Acc: 71.73, Test Acc: 60.13, LR: 0.000100
2025-04-28 01:51:24,086 - INFO - Epoch: 92, Train Acc: 72.52, Test Acc: 62.00, LR: 0.000100
2025-04-28 01:54:28,190 - INFO - Epoch: 93, Train Acc: 73.78, Test Acc: 61.63, LR: 0.000100
2025-04-28 01:57:32,471 - INFO - Epoch: 94, Train Acc: 73.76, Test Acc: 62.75, LR: 0.000100
2025-04-28 02:00:36,589 - INFO - Epoch: 95, Train Acc: 73.35, Test Acc: 62.53, LR: 0.000100
2025-04-28 02:03:40,380 - INFO - Epoch: 96, Train Acc: 73.12, Test Acc: 62.98, LR: 0.000100
2025-04-28 02:06:44,519 - INFO - Epoch: 97, Train Acc: 73.89, Test Acc: 64.40, LR: 0.000100
2025-04-28 02:09:48,182 - INFO - Epoch: 98, Train Acc: 74.66, Test Acc: 62.38, LR: 0.000100
2025-04-28 02:12:51,835 - INFO - Epoch: 99, Train Acc: 74.27, Test Acc: 62.90, LR: 0.000100
2025-04-28 02:15:55,905 - INFO - Epoch: 100, Train Acc: 74.85, Test Acc: 63.95, LR: 0.000100
2025-04-28 02:19:00,179 - INFO - Epoch: 101, Train Acc: 75.51, Test Acc: 64.02, LR: 0.000100
2025-04-28 02:22:04,802 - INFO - Epoch: 102, Train Acc: 75.13, Test Acc: 63.95, LR: 0.000100
2025-04-28 02:25:08,523 - INFO - Epoch: 103, Train Acc: 75.45, Test Acc: 63.80, LR: 0.000100
2025-04-28 02:28:12,493 - INFO - Epoch: 104, Train Acc: 76.26, Test Acc: 65.22, LR: 0.000100
2025-04-28 02:31:17,212 - INFO - Epoch: 105, Train Acc: 75.56, Test Acc: 64.77, LR: 0.000100
2025-04-28 02:34:21,117 - INFO - Epoch: 106, Train Acc: 75.51, Test Acc: 63.20, LR: 0.000100
2025-04-28 02:37:25,035 - INFO - Epoch: 107, Train Acc: 75.73, Test Acc: 64.85, LR: 0.000100
2025-04-28 02:40:29,396 - INFO - Epoch: 108, Train Acc: 77.16, Test Acc: 65.15, LR: 0.000100
2025-04-28 02:43:33,847 - INFO - Epoch: 109, Train Acc: 75.77, Test Acc: 65.45, LR: 0.000100
2025-04-28 02:46:38,579 - INFO - Epoch: 110, Train Acc: 76.22, Test Acc: 65.82, LR: 0.000100
2025-04-28 02:49:42,615 - INFO - Epoch: 111, Train Acc: 76.95, Test Acc: 66.04, LR: 0.000100
2025-04-28 02:52:46,749 - INFO - Epoch: 112, Train Acc: 77.80, Test Acc: 66.12, LR: 0.000100
2025-04-28 02:55:50,738 - INFO - Epoch: 113, Train Acc: 78.55, Test Acc: 66.87, LR: 0.000100
2025-04-28 02:58:55,221 - INFO - Epoch: 114, Train Acc: 77.72, Test Acc: 66.87, LR: 0.000100
2025-04-28 03:01:59,512 - INFO - Epoch: 115, Train Acc: 78.38, Test Acc: 66.42, LR: 0.000100
2025-04-28 03:05:03,686 - INFO - Epoch: 116, Train Acc: 77.97, Test Acc: 65.82, LR: 0.000100
2025-04-28 03:08:07,543 - INFO - Epoch: 117, Train Acc: 78.19, Test Acc: 65.37, LR: 0.000100
2025-04-28 03:11:11,833 - INFO - Epoch: 118, Train Acc: 78.55, Test Acc: 65.52, LR: 0.000100
2025-04-28 03:14:15,545 - INFO - Epoch: 119, Train Acc: 78.38, Test Acc: 67.31, LR: 0.000100
2025-04-28 03:17:20,487 - INFO - Epoch: 120, Train Acc: 78.57, Test Acc: 66.12, LR: 0.000010
2025-04-28 03:20:25,384 - INFO - Epoch: 121, Train Acc: 79.88, Test Acc: 67.69, LR: 0.000010
2025-04-28 03:23:30,156 - INFO - Epoch: 122, Train Acc: 79.19, Test Acc: 68.66, LR: 0.000010
2025-04-28 03:26:35,084 - INFO - Epoch: 123, Train Acc: 79.70, Test Acc: 68.44, LR: 0.000010
2025-04-28 03:29:40,499 - INFO - Epoch: 124, Train Acc: 79.94, Test Acc: 68.36, LR: 0.000010
2025-04-28 03:32:46,105 - INFO - Epoch: 125, Train Acc: 80.03, Test Acc: 67.09, LR: 0.000010
2025-04-28 03:35:51,400 - INFO - Epoch: 126, Train Acc: 80.30, Test Acc: 68.59, LR: 0.000010
2025-04-28 03:38:55,971 - INFO - Epoch: 127, Train Acc: 80.05, Test Acc: 67.24, LR: 0.000010
2025-04-28 03:42:01,399 - INFO - Epoch: 128, Train Acc: 79.92, Test Acc: 69.11, LR: 0.000010
2025-04-28 03:45:06,516 - INFO - Epoch: 129, Train Acc: 81.05, Test Acc: 67.02, LR: 0.000010
2025-04-28 03:48:11,748 - INFO - Epoch: 130, Train Acc: 80.86, Test Acc: 69.04, LR: 0.000010
2025-04-28 03:51:16,104 - INFO - Epoch: 131, Train Acc: 81.24, Test Acc: 70.23, LR: 0.000010
2025-04-28 03:54:21,245 - INFO - Epoch: 132, Train Acc: 80.60, Test Acc: 67.84, LR: 0.000010
2025-04-28 03:57:25,730 - INFO - Epoch: 133, Train Acc: 80.65, Test Acc: 68.44, LR: 0.000010
2025-04-28 04:00:30,891 - INFO - Epoch: 134, Train Acc: 80.69, Test Acc: 69.93, LR: 0.000010
2025-04-28 04:03:36,306 - INFO - Epoch: 135, Train Acc: 81.59, Test Acc: 67.91, LR: 0.000010
2025-04-28 04:06:40,709 - INFO - Epoch: 136, Train Acc: 81.63, Test Acc: 68.06, LR: 0.000010
2025-04-28 04:09:45,411 - INFO - Epoch: 137, Train Acc: 81.24, Test Acc: 69.41, LR: 0.000010
2025-04-28 04:12:50,214 - INFO - Epoch: 138, Train Acc: 81.59, Test Acc: 69.48, LR: 0.000010
2025-04-28 04:15:55,112 - INFO - Epoch: 139, Train Acc: 81.35, Test Acc: 69.48, LR: 0.000010
2025-04-28 04:19:01,015 - INFO - Epoch: 140, Train Acc: 81.52, Test Acc: 68.96, LR: 0.000010
2025-04-28 04:22:06,404 - INFO - Epoch: 141, Train Acc: 81.01, Test Acc: 69.18, LR: 0.000010
2025-04-28 04:25:11,521 - INFO - Epoch: 142, Train Acc: 81.54, Test Acc: 69.56, LR: 0.000010
2025-04-28 04:28:15,334 - INFO - Epoch: 143, Train Acc: 82.01, Test Acc: 67.91, LR: 0.000010
2025-04-28 04:31:19,103 - INFO - Epoch: 144, Train Acc: 81.50, Test Acc: 70.08, LR: 0.000010
2025-04-28 04:34:23,146 - INFO - Epoch: 145, Train Acc: 82.19, Test Acc: 69.71, LR: 0.000010
2025-04-28 04:37:26,565 - INFO - Epoch: 146, Train Acc: 82.70, Test Acc: 69.18, LR: 0.000010
2025-04-28 04:40:30,981 - INFO - Epoch: 147, Train Acc: 82.04, Test Acc: 69.26, LR: 0.000010
2025-04-28 04:43:34,620 - INFO - Epoch: 148, Train Acc: 82.10, Test Acc: 70.16, LR: 0.000010
2025-04-28 04:46:38,329 - INFO - Epoch: 149, Train Acc: 81.84, Test Acc: 70.53, LR: 0.000010
2025-04-28 04:49:42,278 - INFO - Epoch: 150, Train Acc: 82.29, Test Acc: 68.51, LR: 0.000010
2025-04-28 04:49:42,524 - INFO - Best model saved at models/lrcn_best_2025_04_28__04_49_42.pth
2025-04-28 04:52:56,925 - INFO - Final Train Accuracy: 82.91%
2025-04-28 04:52:56,925 - INFO - Final Validation Accuracy: 69.91%
2025-04-28 04:52:56,925 - INFO - Final Test Accuracy: 69.26%
2025-04-28 13:44:13,132 - INFO - Retained old model
2025-04-28 14:02:40,412 - INFO - Retained old model
2025-04-28 14:03:24,220 - INFO - Retained old model
2025-04-28 18:57:25,748 - INFO - Retained old model
2025-04-28 19:05:29,945 - INFO - Overall True Positives: 43
2025-04-28 19:05:29,945 - INFO - Overall True Negatives: 64219
2025-04-28 19:05:29,945 - INFO - Overall False Positives: 1294
2025-04-28 19:05:29,945 - INFO - Overall False Negatives: 1294
2025-04-28 19:05:33,311 - INFO - Epoch: 1, Train Acc: 2.67, Test Acc: 3.22, LR: 0.000100
2025-04-28 19:08:38,548 - INFO - Overall True Positives: 109
2025-04-28 19:08:38,548 - INFO - Overall True Negatives: 64285
2025-04-28 19:08:38,548 - INFO - Overall False Positives: 1228
2025-04-28 19:08:38,548 - INFO - Overall False Negatives: 1228
2025-04-28 19:08:41,979 - INFO - Epoch: 2, Train Acc: 6.69, Test Acc: 8.15, LR: 0.000100
2025-04-28 19:11:46,151 - INFO - Overall True Positives: 153
2025-04-28 19:11:46,152 - INFO - Overall True Negatives: 64329
2025-04-28 19:11:46,152 - INFO - Overall False Positives: 1184
2025-04-28 19:11:46,152 - INFO - Overall False Negatives: 1184
2025-04-28 19:11:49,693 - INFO - Epoch: 3, Train Acc: 10.16, Test Acc: 11.44, LR: 0.000100
2025-04-28 19:14:54,244 - INFO - Overall True Positives: 181
2025-04-28 19:14:54,244 - INFO - Overall True Negatives: 64357
2025-04-28 19:14:54,244 - INFO - Overall False Positives: 1156
2025-04-28 19:14:54,244 - INFO - Overall False Negatives: 1156
2025-04-28 19:14:57,650 - INFO - Epoch: 4, Train Acc: 13.62, Test Acc: 13.54, LR: 0.000100
2025-04-28 19:18:00,674 - INFO - Overall True Positives: 198
2025-04-28 19:18:00,675 - INFO - Overall True Negatives: 64374
2025-04-28 19:18:00,675 - INFO - Overall False Positives: 1139
2025-04-28 19:18:00,675 - INFO - Overall False Negatives: 1139
2025-04-28 19:18:04,078 - INFO - Epoch: 5, Train Acc: 14.37, Test Acc: 14.81, LR: 0.000100
2025-04-28 19:21:07,319 - INFO - Overall True Positives: 232
2025-04-28 19:21:07,319 - INFO - Overall True Negatives: 64408
2025-04-28 19:21:07,319 - INFO - Overall False Positives: 1105
2025-04-28 19:21:07,319 - INFO - Overall False Negatives: 1105
2025-04-28 19:21:10,717 - INFO - Epoch: 6, Train Acc: 17.47, Test Acc: 17.35, LR: 0.000100
2025-04-28 19:24:13,656 - INFO - Overall True Positives: 240
2025-04-28 19:24:13,656 - INFO - Overall True Negatives: 64416
2025-04-28 19:24:13,656 - INFO - Overall False Positives: 1097
2025-04-28 19:24:13,656 - INFO - Overall False Negatives: 1097
2025-04-28 19:24:17,224 - INFO - Epoch: 7, Train Acc: 19.82, Test Acc: 17.95, LR: 0.000100
2025-04-28 19:27:22,700 - INFO - Overall True Positives: 269
2025-04-28 19:27:22,700 - INFO - Overall True Negatives: 64445
2025-04-28 19:27:22,700 - INFO - Overall False Positives: 1068
2025-04-28 19:27:22,700 - INFO - Overall False Negatives: 1068
2025-04-28 19:27:26,134 - INFO - Epoch: 8, Train Acc: 20.59, Test Acc: 20.12, LR: 0.000100
2025-04-28 19:33:38,883 - INFO - Retained old model
2025-04-28 19:41:56,406 - INFO - Epoch: 1, Train Acc: 2.63, Test Acc: 3.22, LR: 0.000100
2025-04-28 19:45:00,699 - INFO - Epoch: 2, Train Acc: 6.76, Test Acc: 7.85, LR: 0.000100
2025-04-28 19:48:04,296 - INFO - Epoch: 3, Train Acc: 10.84, Test Acc: 11.29, LR: 0.000100
2025-04-28 19:51:08,233 - INFO - Epoch: 4, Train Acc: 13.32, Test Acc: 13.46, LR: 0.000100
2025-04-28 19:54:12,339 - INFO - Epoch: 5, Train Acc: 15.55, Test Acc: 15.26, LR: 0.000100
2025-04-28 19:57:16,222 - INFO - Epoch: 6, Train Acc: 17.09, Test Acc: 17.28, LR: 0.000100
2025-04-28 20:00:19,723 - INFO - Epoch: 7, Train Acc: 19.93, Test Acc: 18.62, LR: 0.000100
2025-04-28 20:03:23,800 - INFO - Epoch: 8, Train Acc: 20.10, Test Acc: 20.42, LR: 0.000100
2025-04-28 20:06:27,733 - INFO - Epoch: 9, Train Acc: 22.05, Test Acc: 19.97, LR: 0.000100
2025-04-28 20:09:31,620 - INFO - Epoch: 10, Train Acc: 23.31, Test Acc: 21.24, LR: 0.000100
2025-04-28 20:12:35,477 - INFO - Epoch: 11, Train Acc: 24.40, Test Acc: 21.99, LR: 0.000100
2025-04-28 20:15:39,230 - INFO - Epoch: 12, Train Acc: 25.13, Test Acc: 23.19, LR: 0.000100
2025-04-28 20:18:43,995 - INFO - Epoch: 13, Train Acc: 26.18, Test Acc: 24.16, LR: 0.000100
2025-04-28 20:21:47,673 - INFO - Epoch: 14, Train Acc: 27.42, Test Acc: 25.06, LR: 0.000100
2025-04-28 20:24:51,785 - INFO - Epoch: 15, Train Acc: 28.08, Test Acc: 26.10, LR: 0.000100
2025-04-28 20:27:55,396 - INFO - Epoch: 16, Train Acc: 29.90, Test Acc: 26.40, LR: 0.000100
2025-04-28 20:30:59,261 - INFO - Epoch: 17, Train Acc: 30.30, Test Acc: 26.33, LR: 0.000100
2025-04-28 20:34:03,169 - INFO - Epoch: 18, Train Acc: 32.44, Test Acc: 28.35, LR: 0.000100
2025-04-28 20:37:06,664 - INFO - Epoch: 19, Train Acc: 33.15, Test Acc: 30.14, LR: 0.000100
2025-04-28 20:40:10,242 - INFO - Epoch: 20, Train Acc: 34.35, Test Acc: 29.77, LR: 0.000100
2025-04-28 20:43:15,036 - INFO - Epoch: 21, Train Acc: 34.58, Test Acc: 30.29, LR: 0.000100
2025-04-28 20:46:19,783 - INFO - Epoch: 22, Train Acc: 35.84, Test Acc: 30.82, LR: 0.000100
2025-04-28 20:49:23,355 - INFO - Epoch: 23, Train Acc: 36.72, Test Acc: 31.19, LR: 0.000100
2025-04-28 20:52:27,718 - INFO - Epoch: 24, Train Acc: 38.49, Test Acc: 32.46, LR: 0.000100
2025-04-28 20:55:30,943 - INFO - Epoch: 25, Train Acc: 38.67, Test Acc: 33.43, LR: 0.000100
2025-04-28 20:58:34,356 - INFO - Epoch: 26, Train Acc: 39.14, Test Acc: 32.98, LR: 0.000100
2025-04-28 21:01:38,291 - INFO - Epoch: 27, Train Acc: 39.91, Test Acc: 33.58, LR: 0.000100
2025-04-28 21:04:42,288 - INFO - Epoch: 28, Train Acc: 39.99, Test Acc: 33.96, LR: 0.000100
2025-04-28 21:07:45,979 - INFO - Epoch: 29, Train Acc: 41.72, Test Acc: 37.25, LR: 0.000100
2025-04-28 21:10:49,889 - INFO - Epoch: 30, Train Acc: 42.49, Test Acc: 35.60, LR: 0.000100
2025-04-28 21:13:53,841 - INFO - Epoch: 31, Train Acc: 43.99, Test Acc: 35.60, LR: 0.000100
2025-04-28 21:16:57,466 - INFO - Epoch: 32, Train Acc: 43.41, Test Acc: 36.13, LR: 0.000100
2025-04-28 21:20:00,817 - INFO - Epoch: 33, Train Acc: 44.80, Test Acc: 38.15, LR: 0.000100
2025-04-28 21:23:04,500 - INFO - Epoch: 34, Train Acc: 45.10, Test Acc: 39.19, LR: 0.000100
2025-04-28 21:26:08,497 - INFO - Epoch: 35, Train Acc: 46.60, Test Acc: 39.42, LR: 0.000100
2025-04-28 21:29:12,938 - INFO - Epoch: 36, Train Acc: 46.36, Test Acc: 39.12, LR: 0.000100
2025-04-28 21:32:17,547 - INFO - Epoch: 37, Train Acc: 47.05, Test Acc: 39.87, LR: 0.000100
2025-04-28 21:35:22,716 - INFO - Epoch: 38, Train Acc: 47.65, Test Acc: 40.69, LR: 0.000100
2025-04-28 21:38:27,069 - INFO - Epoch: 39, Train Acc: 49.23, Test Acc: 41.21, LR: 0.000100
2025-04-28 21:41:31,524 - INFO - Epoch: 40, Train Acc: 48.35, Test Acc: 40.16, LR: 0.000100
2025-04-28 21:44:35,774 - INFO - Epoch: 41, Train Acc: 48.31, Test Acc: 40.91, LR: 0.000100
2025-04-28 21:47:40,437 - INFO - Epoch: 42, Train Acc: 49.34, Test Acc: 42.03, LR: 0.000100
2025-04-28 21:50:44,407 - INFO - Epoch: 43, Train Acc: 50.24, Test Acc: 42.03, LR: 0.000100
2025-04-28 21:53:49,194 - INFO - Epoch: 44, Train Acc: 50.90, Test Acc: 42.41, LR: 0.000100
2025-04-28 21:56:53,676 - INFO - Epoch: 45, Train Acc: 51.30, Test Acc: 43.08, LR: 0.000100
2025-04-28 21:59:58,148 - INFO - Epoch: 46, Train Acc: 51.73, Test Acc: 45.03, LR: 0.000100
2025-04-28 22:03:02,741 - INFO - Epoch: 47, Train Acc: 51.39, Test Acc: 42.78, LR: 0.000100
2025-04-28 22:06:07,265 - INFO - Epoch: 48, Train Acc: 52.52, Test Acc: 44.20, LR: 0.000100
2025-04-28 22:09:11,789 - INFO - Epoch: 49, Train Acc: 53.38, Test Acc: 45.62, LR: 0.000100
2025-04-28 22:12:17,850 - INFO - Epoch: 50, Train Acc: 53.49, Test Acc: 47.05, LR: 0.000100
2025-04-28 22:15:22,509 - INFO - Epoch: 51, Train Acc: 54.02, Test Acc: 46.00, LR: 0.000100
2025-04-28 22:18:27,680 - INFO - Epoch: 52, Train Acc: 54.13, Test Acc: 46.60, LR: 0.000100
2025-04-28 22:21:32,442 - INFO - Epoch: 53, Train Acc: 54.23, Test Acc: 47.20, LR: 0.000100
2025-04-28 22:24:37,002 - INFO - Epoch: 54, Train Acc: 54.88, Test Acc: 46.37, LR: 0.000100
2025-04-28 22:27:41,768 - INFO - Epoch: 55, Train Acc: 55.33, Test Acc: 46.00, LR: 0.000100
2025-04-28 22:30:46,911 - INFO - Epoch: 56, Train Acc: 56.74, Test Acc: 49.36, LR: 0.000100
2025-04-28 22:33:52,185 - INFO - Epoch: 57, Train Acc: 56.52, Test Acc: 48.54, LR: 0.000100
2025-04-28 22:36:57,203 - INFO - Epoch: 58, Train Acc: 57.98, Test Acc: 48.62, LR: 0.000100
2025-04-28 22:40:02,016 - INFO - Epoch: 59, Train Acc: 58.02, Test Acc: 50.26, LR: 0.000100
2025-04-28 22:43:07,516 - INFO - Epoch: 60, Train Acc: 59.50, Test Acc: 49.59, LR: 0.000100
2025-04-28 22:46:11,126 - INFO - Epoch: 61, Train Acc: 59.15, Test Acc: 49.89, LR: 0.000100
2025-04-28 22:49:15,255 - INFO - Epoch: 62, Train Acc: 59.62, Test Acc: 50.79, LR: 0.000100
2025-04-28 22:52:19,248 - INFO - Epoch: 63, Train Acc: 60.31, Test Acc: 50.11, LR: 0.000100
2025-04-28 22:55:23,405 - INFO - Epoch: 64, Train Acc: 60.69, Test Acc: 50.49, LR: 0.000100
2025-04-28 22:58:27,626 - INFO - Epoch: 65, Train Acc: 59.99, Test Acc: 51.68, LR: 0.000100
2025-04-28 23:01:31,559 - INFO - Epoch: 66, Train Acc: 61.16, Test Acc: 51.53, LR: 0.000100
2025-04-28 23:04:36,053 - INFO - Epoch: 67, Train Acc: 60.03, Test Acc: 52.66, LR: 0.000100
2025-04-28 23:07:40,097 - INFO - Epoch: 68, Train Acc: 61.83, Test Acc: 52.28, LR: 0.000100
2025-04-28 23:10:44,281 - INFO - Epoch: 69, Train Acc: 61.01, Test Acc: 52.80, LR: 0.000100
2025-04-28 23:13:48,049 - INFO - Epoch: 70, Train Acc: 62.10, Test Acc: 52.06, LR: 0.000100
2025-04-28 23:16:52,134 - INFO - Epoch: 71, Train Acc: 62.43, Test Acc: 54.00, LR: 0.000100
2025-04-28 23:19:56,590 - INFO - Epoch: 72, Train Acc: 62.62, Test Acc: 54.67, LR: 0.000100
2025-04-28 23:23:01,027 - INFO - Epoch: 73, Train Acc: 63.13, Test Acc: 53.40, LR: 0.000100
2025-04-28 23:26:05,148 - INFO - Epoch: 74, Train Acc: 63.64, Test Acc: 53.40, LR: 0.000100
2025-04-28 23:29:09,354 - INFO - Epoch: 75, Train Acc: 63.79, Test Acc: 55.35, LR: 0.000100
2025-04-28 23:32:13,284 - INFO - Epoch: 76, Train Acc: 63.13, Test Acc: 55.05, LR: 0.000100
2025-04-28 23:35:17,191 - INFO - Epoch: 77, Train Acc: 63.64, Test Acc: 55.80, LR: 0.000100
2025-04-28 23:38:21,135 - INFO - Epoch: 78, Train Acc: 65.03, Test Acc: 56.10, LR: 0.000100
2025-04-28 23:41:24,864 - INFO - Epoch: 79, Train Acc: 65.14, Test Acc: 55.35, LR: 0.000100
2025-04-28 23:44:28,739 - INFO - Epoch: 80, Train Acc: 66.08, Test Acc: 54.60, LR: 0.000100
2025-04-28 23:47:32,927 - INFO - Epoch: 81, Train Acc: 65.91, Test Acc: 55.95, LR: 0.000100
2025-04-28 23:50:38,016 - INFO - Epoch: 82, Train Acc: 65.72, Test Acc: 55.35, LR: 0.000100
2025-04-28 23:53:42,836 - INFO - Epoch: 83, Train Acc: 66.89, Test Acc: 56.54, LR: 0.000100
2025-04-28 23:56:46,687 - INFO - Epoch: 84, Train Acc: 67.73, Test Acc: 55.35, LR: 0.000100
2025-04-28 23:59:50,468 - INFO - Epoch: 85, Train Acc: 66.66, Test Acc: 57.97, LR: 0.000100
2025-04-29 00:02:54,404 - INFO - Epoch: 86, Train Acc: 67.26, Test Acc: 59.16, LR: 0.000100
2025-04-29 00:05:58,519 - INFO - Epoch: 87, Train Acc: 68.84, Test Acc: 58.12, LR: 0.000100
2025-04-29 00:09:02,700 - INFO - Epoch: 88, Train Acc: 67.56, Test Acc: 57.59, LR: 0.000100
2025-04-29 00:12:07,391 - INFO - Epoch: 89, Train Acc: 68.54, Test Acc: 58.56, LR: 0.000100
2025-04-29 00:15:13,268 - INFO - Epoch: 90, Train Acc: 68.82, Test Acc: 60.73, LR: 0.000100
2025-04-29 00:18:18,209 - INFO - Epoch: 91, Train Acc: 68.84, Test Acc: 59.31, LR: 0.000100
2025-04-29 00:21:23,888 - INFO - Epoch: 92, Train Acc: 69.35, Test Acc: 59.91, LR: 0.000100
2025-04-29 00:24:28,969 - INFO - Epoch: 93, Train Acc: 69.67, Test Acc: 59.99, LR: 0.000100
2025-04-29 00:27:33,890 - INFO - Epoch: 94, Train Acc: 70.21, Test Acc: 58.12, LR: 0.000100
2025-04-29 00:30:39,199 - INFO - Epoch: 95, Train Acc: 70.64, Test Acc: 62.45, LR: 0.000100
2025-04-29 00:33:44,515 - INFO - Epoch: 96, Train Acc: 70.77, Test Acc: 58.41, LR: 0.000100
2025-04-29 00:36:49,257 - INFO - Epoch: 97, Train Acc: 71.19, Test Acc: 59.16, LR: 0.000100
2025-04-29 00:39:54,036 - INFO - Epoch: 98, Train Acc: 70.44, Test Acc: 61.33, LR: 0.000100
2025-04-29 00:42:58,263 - INFO - Epoch: 99, Train Acc: 71.77, Test Acc: 61.63, LR: 0.000100
2025-04-29 00:46:03,092 - INFO - Epoch: 100, Train Acc: 71.28, Test Acc: 61.48, LR: 0.000100
2025-04-29 00:49:07,769 - INFO - Epoch: 101, Train Acc: 71.51, Test Acc: 60.88, LR: 0.000100
2025-04-29 00:52:13,072 - INFO - Epoch: 102, Train Acc: 72.05, Test Acc: 61.18, LR: 0.000100
2025-04-29 00:55:17,842 - INFO - Epoch: 103, Train Acc: 72.67, Test Acc: 61.33, LR: 0.000100
2025-04-29 00:58:22,326 - INFO - Epoch: 104, Train Acc: 72.24, Test Acc: 62.83, LR: 0.000100
2025-04-29 01:01:26,802 - INFO - Epoch: 105, Train Acc: 72.63, Test Acc: 62.45, LR: 0.000100
2025-04-29 01:04:31,027 - INFO - Epoch: 106, Train Acc: 71.34, Test Acc: 62.08, LR: 0.000100
2025-04-29 01:07:35,350 - INFO - Epoch: 107, Train Acc: 72.24, Test Acc: 63.05, LR: 0.000100
2025-04-29 01:10:40,137 - INFO - Epoch: 108, Train Acc: 72.93, Test Acc: 61.71, LR: 0.000100
2025-04-29 01:13:44,804 - INFO - Epoch: 109, Train Acc: 73.10, Test Acc: 61.78, LR: 0.000100
2025-04-29 01:16:49,197 - INFO - Epoch: 110, Train Acc: 73.57, Test Acc: 64.10, LR: 0.000100
2025-04-29 01:19:54,110 - INFO - Epoch: 111, Train Acc: 73.63, Test Acc: 63.65, LR: 0.000100
2025-04-29 01:22:58,677 - INFO - Epoch: 112, Train Acc: 74.04, Test Acc: 64.62, LR: 0.000100
2025-04-29 01:26:03,389 - INFO - Epoch: 113, Train Acc: 74.34, Test Acc: 64.77, LR: 0.000100
2025-04-29 01:29:08,387 - INFO - Epoch: 114, Train Acc: 74.79, Test Acc: 64.40, LR: 0.000100
2025-04-29 01:32:13,046 - INFO - Epoch: 115, Train Acc: 75.24, Test Acc: 63.72, LR: 0.000100
2025-04-29 01:35:17,525 - INFO - Epoch: 116, Train Acc: 73.76, Test Acc: 63.28, LR: 0.000100
2025-04-29 01:38:22,449 - INFO - Epoch: 117, Train Acc: 75.09, Test Acc: 64.55, LR: 0.000100
2025-04-29 01:41:27,425 - INFO - Epoch: 118, Train Acc: 74.89, Test Acc: 65.37, LR: 0.000100
2025-04-29 01:44:32,207 - INFO - Epoch: 119, Train Acc: 75.45, Test Acc: 64.47, LR: 0.000100
2025-04-29 01:47:36,344 - INFO - Epoch: 120, Train Acc: 75.92, Test Acc: 64.70, LR: 0.000100
2025-04-29 01:50:40,758 - INFO - Epoch: 121, Train Acc: 76.07, Test Acc: 64.25, LR: 0.000100
2025-04-29 01:53:44,902 - INFO - Epoch: 122, Train Acc: 76.09, Test Acc: 64.85, LR: 0.000100
2025-04-29 01:56:49,947 - INFO - Epoch: 123, Train Acc: 76.03, Test Acc: 66.79, LR: 0.000100
2025-04-29 01:59:54,803 - INFO - Epoch: 124, Train Acc: 75.60, Test Acc: 64.70, LR: 0.000100
2025-04-29 02:02:59,856 - INFO - Epoch: 125, Train Acc: 75.51, Test Acc: 66.94, LR: 0.000100
2025-04-29 02:06:04,887 - INFO - Epoch: 126, Train Acc: 76.24, Test Acc: 66.49, LR: 0.000100
2025-04-29 02:09:10,076 - INFO - Epoch: 127, Train Acc: 76.90, Test Acc: 66.19, LR: 0.000100
2025-04-29 02:12:14,557 - INFO - Epoch: 128, Train Acc: 77.01, Test Acc: 65.97, LR: 0.000100
2025-04-29 02:15:19,326 - INFO - Epoch: 129, Train Acc: 76.97, Test Acc: 67.02, LR: 0.000100
2025-04-29 02:18:23,399 - INFO - Epoch: 130, Train Acc: 77.12, Test Acc: 67.09, LR: 0.000100
2025-04-29 02:21:28,066 - INFO - Epoch: 131, Train Acc: 77.67, Test Acc: 65.52, LR: 0.000100
2025-04-29 02:24:32,488 - INFO - Epoch: 132, Train Acc: 77.46, Test Acc: 67.31, LR: 0.000100
2025-04-29 02:27:37,368 - INFO - Epoch: 133, Train Acc: 77.61, Test Acc: 64.70, LR: 0.000100
2025-04-29 02:30:41,758 - INFO - Epoch: 134, Train Acc: 76.69, Test Acc: 66.34, LR: 0.000100
2025-04-29 02:33:45,930 - INFO - Epoch: 135, Train Acc: 77.78, Test Acc: 66.72, LR: 0.000100
2025-04-29 02:36:50,299 - INFO - Epoch: 136, Train Acc: 77.84, Test Acc: 65.97, LR: 0.000100
2025-04-29 02:39:54,913 - INFO - Epoch: 137, Train Acc: 78.44, Test Acc: 67.76, LR: 0.000100
2025-04-29 02:42:59,832 - INFO - Epoch: 138, Train Acc: 79.02, Test Acc: 66.72, LR: 0.000100
2025-04-29 02:46:04,782 - INFO - Epoch: 139, Train Acc: 78.87, Test Acc: 67.17, LR: 0.000100
2025-04-29 02:49:09,117 - INFO - Epoch: 140, Train Acc: 78.42, Test Acc: 68.44, LR: 0.000100
2025-04-29 02:52:13,555 - INFO - Epoch: 141, Train Acc: 79.49, Test Acc: 66.04, LR: 0.000100
2025-04-29 02:55:17,721 - INFO - Epoch: 142, Train Acc: 79.34, Test Acc: 68.51, LR: 0.000100
2025-04-29 02:58:21,656 - INFO - Epoch: 143, Train Acc: 79.11, Test Acc: 68.81, LR: 0.000100
2025-04-29 03:01:25,504 - INFO - Epoch: 144, Train Acc: 79.75, Test Acc: 68.89, LR: 0.000100
2025-04-29 03:04:30,346 - INFO - Epoch: 145, Train Acc: 79.90, Test Acc: 68.66, LR: 0.000100
2025-04-29 03:07:34,357 - INFO - Epoch: 146, Train Acc: 79.88, Test Acc: 68.51, LR: 0.000100
2025-04-29 03:10:38,279 - INFO - Epoch: 147, Train Acc: 79.28, Test Acc: 68.14, LR: 0.000100
2025-04-29 03:13:43,067 - INFO - Epoch: 148, Train Acc: 80.18, Test Acc: 69.93, LR: 0.000100
2025-04-29 03:16:47,261 - INFO - Epoch: 149, Train Acc: 80.73, Test Acc: 69.63, LR: 0.000100
2025-04-29 03:19:51,412 - INFO - Epoch: 150, Train Acc: 80.15, Test Acc: 69.48, LR: 0.000100
2025-04-29 03:22:55,891 - INFO - Epoch: 151, Train Acc: 80.30, Test Acc: 70.98, LR: 0.000100
2025-04-29 03:26:00,103 - INFO - Epoch: 152, Train Acc: 80.47, Test Acc: 69.26, LR: 0.000100
2025-04-29 03:29:04,754 - INFO - Epoch: 153, Train Acc: 80.75, Test Acc: 71.05, LR: 0.000100
2025-04-29 03:32:09,542 - INFO - Epoch: 154, Train Acc: 81.33, Test Acc: 69.18, LR: 0.000100
2025-04-29 03:35:14,579 - INFO - Epoch: 155, Train Acc: 81.44, Test Acc: 69.71, LR: 0.000100
2025-04-29 03:38:18,963 - INFO - Epoch: 156, Train Acc: 81.31, Test Acc: 69.86, LR: 0.000100
2025-04-29 03:41:23,504 - INFO - Epoch: 157, Train Acc: 81.16, Test Acc: 69.48, LR: 0.000100
2025-04-29 03:44:27,790 - INFO - Epoch: 158, Train Acc: 81.22, Test Acc: 70.76, LR: 0.000100
2025-04-29 03:47:31,898 - INFO - Epoch: 159, Train Acc: 81.50, Test Acc: 69.26, LR: 0.000100
2025-04-29 03:50:35,972 - INFO - Epoch: 160, Train Acc: 81.84, Test Acc: 69.63, LR: 0.000100
2025-04-29 03:53:40,978 - INFO - Epoch: 161, Train Acc: 82.06, Test Acc: 70.68, LR: 0.000100
2025-04-29 03:56:45,879 - INFO - Epoch: 162, Train Acc: 81.69, Test Acc: 69.33, LR: 0.000100
2025-04-29 03:59:50,536 - INFO - Epoch: 163, Train Acc: 81.39, Test Acc: 71.20, LR: 0.000100
2025-04-29 04:02:55,217 - INFO - Epoch: 164, Train Acc: 81.84, Test Acc: 70.53, LR: 0.000100
2025-04-29 04:06:00,176 - INFO - Epoch: 165, Train Acc: 82.63, Test Acc: 71.80, LR: 0.000100
2025-04-29 04:09:04,724 - INFO - Epoch: 166, Train Acc: 83.23, Test Acc: 71.73, LR: 0.000100
2025-04-29 04:12:08,965 - INFO - Epoch: 167, Train Acc: 82.23, Test Acc: 71.73, LR: 0.000100
2025-04-29 04:15:13,536 - INFO - Epoch: 168, Train Acc: 82.01, Test Acc: 71.20, LR: 0.000100
2025-04-29 04:18:18,477 - INFO - Epoch: 169, Train Acc: 82.70, Test Acc: 71.65, LR: 0.000100
2025-04-29 04:21:22,901 - INFO - Epoch: 170, Train Acc: 82.87, Test Acc: 72.48, LR: 0.000100
2025-04-29 04:24:27,915 - INFO - Epoch: 171, Train Acc: 83.60, Test Acc: 72.10, LR: 0.000100
2025-04-29 04:27:32,404 - INFO - Epoch: 172, Train Acc: 83.28, Test Acc: 70.68, LR: 0.000100
2025-04-29 04:30:36,361 - INFO - Epoch: 173, Train Acc: 82.40, Test Acc: 73.45, LR: 0.000100
2025-04-29 04:33:40,215 - INFO - Epoch: 174, Train Acc: 83.30, Test Acc: 73.37, LR: 0.000100
2025-04-29 04:36:44,097 - INFO - Epoch: 175, Train Acc: 83.40, Test Acc: 73.60, LR: 0.000100
2025-04-29 04:39:48,265 - INFO - Epoch: 176, Train Acc: 83.00, Test Acc: 72.40, LR: 0.000100
2025-04-29 04:42:52,973 - INFO - Epoch: 177, Train Acc: 83.58, Test Acc: 71.95, LR: 0.000100
2025-04-29 04:45:57,625 - INFO - Epoch: 178, Train Acc: 83.66, Test Acc: 72.63, LR: 0.000100
2025-04-29 04:49:02,070 - INFO - Epoch: 179, Train Acc: 83.64, Test Acc: 72.55, LR: 0.000100
2025-04-29 04:52:06,292 - INFO - Epoch: 180, Train Acc: 83.40, Test Acc: 72.10, LR: 0.000100
2025-04-29 04:55:10,721 - INFO - Epoch: 181, Train Acc: 83.68, Test Acc: 72.85, LR: 0.000100
2025-04-29 04:58:15,772 - INFO - Epoch: 182, Train Acc: 83.49, Test Acc: 71.88, LR: 0.000100
2025-04-29 05:01:21,063 - INFO - Epoch: 183, Train Acc: 83.83, Test Acc: 72.63, LR: 0.000100
2025-04-29 05:04:25,007 - INFO - Epoch: 184, Train Acc: 83.94, Test Acc: 71.80, LR: 0.000100
2025-04-29 05:07:29,553 - INFO - Epoch: 185, Train Acc: 84.58, Test Acc: 74.57, LR: 0.000100
2025-04-29 05:10:33,609 - INFO - Epoch: 186, Train Acc: 84.32, Test Acc: 74.72, LR: 0.000100
2025-04-29 05:13:38,058 - INFO - Epoch: 187, Train Acc: 84.90, Test Acc: 73.82, LR: 0.000100
2025-04-29 05:16:42,134 - INFO - Epoch: 188, Train Acc: 84.90, Test Acc: 73.82, LR: 0.000100
2025-04-29 05:19:46,638 - INFO - Epoch: 189, Train Acc: 85.31, Test Acc: 73.37, LR: 0.000100
2025-04-29 05:22:50,576 - INFO - Epoch: 190, Train Acc: 85.35, Test Acc: 74.27, LR: 0.000100
2025-04-29 05:25:54,957 - INFO - Epoch: 191, Train Acc: 84.73, Test Acc: 72.55, LR: 0.000100
2025-04-29 05:28:59,119 - INFO - Epoch: 192, Train Acc: 85.59, Test Acc: 73.75, LR: 0.000100
2025-04-29 05:32:03,246 - INFO - Epoch: 193, Train Acc: 86.06, Test Acc: 72.85, LR: 0.000100
2025-04-29 05:35:07,441 - INFO - Epoch: 194, Train Acc: 85.12, Test Acc: 75.54, LR: 0.000100
2025-04-29 05:38:11,749 - INFO - Epoch: 195, Train Acc: 85.78, Test Acc: 73.45, LR: 0.000100
2025-04-29 05:41:15,837 - INFO - Epoch: 196, Train Acc: 85.50, Test Acc: 74.72, LR: 0.000100
2025-04-29 05:44:20,025 - INFO - Epoch: 197, Train Acc: 85.65, Test Acc: 73.30, LR: 0.000100
2025-04-29 05:47:23,625 - INFO - Epoch: 198, Train Acc: 85.84, Test Acc: 74.42, LR: 0.000100
2025-04-29 05:50:27,448 - INFO - Epoch: 199, Train Acc: 85.95, Test Acc: 74.72, LR: 0.000100
2025-04-29 05:53:31,706 - INFO - Epoch: 200, Train Acc: 85.76, Test Acc: 74.27, LR: 0.000100
2025-04-29 05:56:36,327 - INFO - Epoch: 201, Train Acc: 85.78, Test Acc: 73.82, LR: 0.000100
2025-04-29 05:59:40,333 - INFO - Epoch: 202, Train Acc: 85.65, Test Acc: 74.94, LR: 0.000100
2025-04-29 06:02:44,097 - INFO - Epoch: 203, Train Acc: 84.92, Test Acc: 75.09, LR: 0.000100
2025-04-29 06:05:47,763 - INFO - Epoch: 204, Train Acc: 85.95, Test Acc: 75.77, LR: 0.000100
2025-04-29 06:08:51,905 - INFO - Epoch: 205, Train Acc: 86.83, Test Acc: 75.17, LR: 0.000100
2025-04-29 06:11:55,661 - INFO - Epoch: 206, Train Acc: 86.46, Test Acc: 74.27, LR: 0.000100
2025-04-29 06:14:59,582 - INFO - Epoch: 207, Train Acc: 86.72, Test Acc: 74.35, LR: 0.000100
2025-04-29 06:18:04,190 - INFO - Epoch: 208, Train Acc: 86.42, Test Acc: 75.09, LR: 0.000100
2025-04-29 06:21:08,206 - INFO - Epoch: 209, Train Acc: 86.76, Test Acc: 74.35, LR: 0.000100
2025-04-29 06:24:12,622 - INFO - Epoch: 210, Train Acc: 86.61, Test Acc: 75.47, LR: 0.000100
2025-04-29 06:27:16,740 - INFO - Epoch: 211, Train Acc: 86.44, Test Acc: 73.97, LR: 0.000100
2025-04-29 06:30:21,406 - INFO - Epoch: 212, Train Acc: 86.29, Test Acc: 75.99, LR: 0.000100
2025-04-29 06:33:26,028 - INFO - Epoch: 213, Train Acc: 86.44, Test Acc: 74.27, LR: 0.000100
2025-04-29 06:36:29,956 - INFO - Epoch: 214, Train Acc: 87.21, Test Acc: 75.32, LR: 0.000100
2025-04-29 06:39:34,524 - INFO - Epoch: 215, Train Acc: 87.19, Test Acc: 75.09, LR: 0.000100
2025-04-29 06:42:39,057 - INFO - Epoch: 216, Train Acc: 86.63, Test Acc: 75.02, LR: 0.000100
2025-04-29 06:45:43,138 - INFO - Epoch: 217, Train Acc: 87.25, Test Acc: 75.02, LR: 0.000100
2025-04-29 06:48:47,288 - INFO - Epoch: 218, Train Acc: 86.48, Test Acc: 75.77, LR: 0.000100
2025-04-29 06:51:52,056 - INFO - Epoch: 219, Train Acc: 86.70, Test Acc: 76.36, LR: 0.000100
2025-04-29 06:54:58,017 - INFO - Epoch: 220, Train Acc: 86.95, Test Acc: 75.17, LR: 0.000100
2025-04-29 06:58:02,415 - INFO - Epoch: 221, Train Acc: 87.40, Test Acc: 77.26, LR: 0.000100
2025-04-29 07:01:06,190 - INFO - Epoch: 222, Train Acc: 87.62, Test Acc: 75.32, LR: 0.000100
2025-04-29 07:04:10,008 - INFO - Epoch: 223, Train Acc: 87.25, Test Acc: 74.87, LR: 0.000100
2025-04-29 07:07:14,314 - INFO - Epoch: 224, Train Acc: 87.34, Test Acc: 76.22, LR: 0.000100
2025-04-29 07:10:19,014 - INFO - Epoch: 225, Train Acc: 87.77, Test Acc: 75.62, LR: 0.000100
2025-04-29 07:13:23,014 - INFO - Epoch: 226, Train Acc: 88.15, Test Acc: 74.05, LR: 0.000100
2025-04-29 07:16:26,711 - INFO - Epoch: 227, Train Acc: 87.90, Test Acc: 75.24, LR: 0.000100
2025-04-29 07:19:30,361 - INFO - Epoch: 228, Train Acc: 87.75, Test Acc: 75.47, LR: 0.000100
2025-04-29 07:22:34,134 - INFO - Epoch: 229, Train Acc: 87.13, Test Acc: 75.54, LR: 0.000100
2025-04-29 07:25:38,259 - INFO - Epoch: 230, Train Acc: 88.52, Test Acc: 76.14, LR: 0.000100
2025-04-29 07:28:42,848 - INFO - Epoch: 231, Train Acc: 88.20, Test Acc: 77.26, LR: 0.000100
2025-04-29 07:31:46,501 - INFO - Epoch: 232, Train Acc: 87.72, Test Acc: 76.07, LR: 0.000100
2025-04-29 07:34:50,261 - INFO - Epoch: 233, Train Acc: 88.02, Test Acc: 75.02, LR: 0.000100
2025-04-29 07:37:54,170 - INFO - Epoch: 234, Train Acc: 87.51, Test Acc: 77.49, LR: 0.000100
2025-04-29 07:40:58,358 - INFO - Epoch: 235, Train Acc: 88.07, Test Acc: 76.51, LR: 0.000100
2025-04-29 07:44:02,509 - INFO - Epoch: 236, Train Acc: 88.62, Test Acc: 75.62, LR: 0.000100
2025-04-29 07:47:06,657 - INFO - Epoch: 237, Train Acc: 87.62, Test Acc: 74.79, LR: 0.000100
2025-04-29 07:50:10,404 - INFO - Epoch: 238, Train Acc: 88.43, Test Acc: 76.51, LR: 0.000100
2025-04-29 07:53:14,703 - INFO - Epoch: 239, Train Acc: 88.47, Test Acc: 75.77, LR: 0.000100
2025-04-29 07:56:18,640 - INFO - Epoch: 240, Train Acc: 88.71, Test Acc: 76.44, LR: 0.000100
2025-04-29 07:59:22,778 - INFO - Epoch: 241, Train Acc: 88.60, Test Acc: 77.19, LR: 0.000100
2025-04-29 08:02:27,066 - INFO - Epoch: 242, Train Acc: 88.73, Test Acc: 75.69, LR: 0.000100
2025-04-29 08:05:31,399 - INFO - Epoch: 243, Train Acc: 88.20, Test Acc: 76.89, LR: 0.000100
2025-04-29 08:08:35,097 - INFO - Epoch: 244, Train Acc: 88.60, Test Acc: 76.22, LR: 0.000100
2025-04-29 08:11:38,969 - INFO - Epoch: 245, Train Acc: 88.73, Test Acc: 76.59, LR: 0.000100
2025-04-29 08:14:42,616 - INFO - Epoch: 246, Train Acc: 89.14, Test Acc: 76.96, LR: 0.000100
2025-04-29 08:17:46,556 - INFO - Epoch: 247, Train Acc: 88.84, Test Acc: 77.41, LR: 0.000100
2025-04-29 08:20:49,892 - INFO - Epoch: 248, Train Acc: 89.44, Test Acc: 77.94, LR: 0.000100
2025-04-29 08:23:53,367 - INFO - Epoch: 249, Train Acc: 89.03, Test Acc: 77.64, LR: 0.000100
2025-04-29 08:26:57,783 - INFO - Epoch: 250, Train Acc: 89.39, Test Acc: 78.76, LR: 0.000100
2025-04-29 08:30:02,193 - INFO - Epoch: 251, Train Acc: 89.37, Test Acc: 77.41, LR: 0.000100
2025-04-29 08:33:06,457 - INFO - Epoch: 252, Train Acc: 89.39, Test Acc: 77.19, LR: 0.000100
2025-04-29 08:36:10,666 - INFO - Epoch: 253, Train Acc: 89.01, Test Acc: 77.11, LR: 0.000100
2025-04-29 08:39:15,321 - INFO - Epoch: 254, Train Acc: 89.05, Test Acc: 75.47, LR: 0.000100
2025-04-29 08:42:19,198 - INFO - Epoch: 255, Train Acc: 89.50, Test Acc: 77.71, LR: 0.000100
2025-04-29 08:45:23,516 - INFO - Epoch: 256, Train Acc: 89.16, Test Acc: 77.04, LR: 0.000100
2025-04-29 08:48:27,196 - INFO - Epoch: 257, Train Acc: 89.80, Test Acc: 76.59, LR: 0.000100
2025-04-29 08:51:31,480 - INFO - Epoch: 258, Train Acc: 90.12, Test Acc: 77.94, LR: 0.000100
2025-04-29 08:54:36,136 - INFO - Epoch: 259, Train Acc: 89.67, Test Acc: 77.04, LR: 0.000100
2025-04-29 08:57:40,064 - INFO - Epoch: 260, Train Acc: 89.78, Test Acc: 78.23, LR: 0.000100
2025-04-29 09:00:43,908 - INFO - Epoch: 261, Train Acc: 89.41, Test Acc: 77.86, LR: 0.000100
2025-04-29 09:03:47,678 - INFO - Epoch: 262, Train Acc: 90.23, Test Acc: 77.04, LR: 0.000100
2025-04-29 09:06:50,953 - INFO - Epoch: 263, Train Acc: 89.61, Test Acc: 75.99, LR: 0.000100
2025-04-29 09:09:54,523 - INFO - Epoch: 264, Train Acc: 90.12, Test Acc: 76.29, LR: 0.000100
2025-04-29 09:12:58,057 - INFO - Epoch: 265, Train Acc: 90.03, Test Acc: 77.49, LR: 0.000100
2025-04-29 09:16:01,694 - INFO - Epoch: 266, Train Acc: 90.74, Test Acc: 75.77, LR: 0.000100
2025-04-29 09:19:05,617 - INFO - Epoch: 267, Train Acc: 89.80, Test Acc: 77.79, LR: 0.000100
2025-04-29 09:22:09,603 - INFO - Epoch: 268, Train Acc: 89.37, Test Acc: 76.74, LR: 0.000100
2025-04-29 09:25:13,803 - INFO - Epoch: 269, Train Acc: 89.80, Test Acc: 75.92, LR: 0.000100
2025-04-29 09:28:17,813 - INFO - Epoch: 270, Train Acc: 90.85, Test Acc: 77.26, LR: 0.000100
2025-04-29 09:31:21,981 - INFO - Epoch: 271, Train Acc: 90.14, Test Acc: 75.02, LR: 0.000100
2025-04-29 09:34:25,880 - INFO - Epoch: 272, Train Acc: 90.59, Test Acc: 76.96, LR: 0.000100
2025-04-29 09:37:30,695 - INFO - Epoch: 273, Train Acc: 90.50, Test Acc: 76.74, LR: 0.000100
2025-04-29 09:40:35,012 - INFO - Epoch: 274, Train Acc: 90.42, Test Acc: 77.41, LR: 0.000100
2025-04-29 09:43:39,276 - INFO - Epoch: 275, Train Acc: 90.91, Test Acc: 77.79, LR: 0.000100
2025-04-29 09:46:42,991 - INFO - Epoch: 276, Train Acc: 90.57, Test Acc: 76.36, LR: 0.000100
2025-04-29 09:49:46,865 - INFO - Epoch: 277, Train Acc: 91.02, Test Acc: 77.04, LR: 0.000100
2025-04-29 09:52:50,616 - INFO - Epoch: 278, Train Acc: 90.36, Test Acc: 78.01, LR: 0.000100
2025-04-29 09:55:54,123 - INFO - Epoch: 279, Train Acc: 90.48, Test Acc: 77.79, LR: 0.000100
2025-04-29 09:58:58,101 - INFO - Epoch: 280, Train Acc: 91.40, Test Acc: 77.71, LR: 0.000100
2025-04-29 10:02:01,888 - INFO - Epoch: 281, Train Acc: 91.08, Test Acc: 77.64, LR: 0.000100
2025-04-29 10:05:06,924 - INFO - Epoch: 282, Train Acc: 91.34, Test Acc: 78.98, LR: 0.000100
2025-04-29 10:08:11,171 - INFO - Epoch: 283, Train Acc: 91.17, Test Acc: 76.36, LR: 0.000100
2025-04-29 10:11:15,751 - INFO - Epoch: 284, Train Acc: 91.21, Test Acc: 78.23, LR: 0.000100
2025-04-29 10:14:19,741 - INFO - Epoch: 285, Train Acc: 90.95, Test Acc: 78.46, LR: 0.000100
2025-04-29 10:17:23,553 - INFO - Epoch: 286, Train Acc: 91.19, Test Acc: 78.46, LR: 0.000100
2025-04-29 10:20:27,830 - INFO - Epoch: 287, Train Acc: 90.85, Test Acc: 79.06, LR: 0.000100
2025-04-29 10:23:31,922 - INFO - Epoch: 288, Train Acc: 90.95, Test Acc: 77.86, LR: 0.000100
2025-04-29 10:26:35,407 - INFO - Epoch: 289, Train Acc: 90.93, Test Acc: 77.71, LR: 0.000100
2025-04-29 10:29:39,441 - INFO - Epoch: 290, Train Acc: 90.78, Test Acc: 77.71, LR: 0.000100
2025-04-29 10:32:44,321 - INFO - Epoch: 291, Train Acc: 91.12, Test Acc: 77.64, LR: 0.000100
2025-04-29 10:35:48,984 - INFO - Epoch: 292, Train Acc: 91.21, Test Acc: 77.11, LR: 0.000100
2025-04-29 10:38:52,562 - INFO - Epoch: 293, Train Acc: 90.61, Test Acc: 78.61, LR: 0.000100
2025-04-29 10:41:56,739 - INFO - Epoch: 294, Train Acc: 91.51, Test Acc: 79.13, LR: 0.000100
2025-04-29 10:45:00,361 - INFO - Epoch: 295, Train Acc: 91.62, Test Acc: 78.46, LR: 0.000100
2025-04-29 10:48:05,341 - INFO - Epoch: 296, Train Acc: 91.27, Test Acc: 77.56, LR: 0.000100
2025-04-29 10:51:09,980 - INFO - Epoch: 297, Train Acc: 91.53, Test Acc: 78.23, LR: 0.000100
2025-04-29 10:54:14,721 - INFO - Epoch: 298, Train Acc: 91.62, Test Acc: 78.91, LR: 0.000100
2025-04-29 10:57:19,840 - INFO - Epoch: 299, Train Acc: 91.32, Test Acc: 79.58, LR: 0.000100
2025-04-29 11:00:23,809 - INFO - Epoch: 300, Train Acc: 91.68, Test Acc: 80.40, LR: 0.000100
2025-04-29 11:03:28,442 - INFO - Epoch: 301, Train Acc: 91.55, Test Acc: 78.98, LR: 0.000100
2025-04-29 11:06:32,983 - INFO - Epoch: 302, Train Acc: 91.38, Test Acc: 77.71, LR: 0.000100
2025-04-29 11:09:38,146 - INFO - Epoch: 303, Train Acc: 92.09, Test Acc: 78.83, LR: 0.000100
2025-04-29 11:12:42,669 - INFO - Epoch: 304, Train Acc: 91.77, Test Acc: 79.13, LR: 0.000100
2025-04-29 11:15:47,656 - INFO - Epoch: 305, Train Acc: 92.22, Test Acc: 79.43, LR: 0.000100
2025-04-29 11:18:51,622 - INFO - Epoch: 306, Train Acc: 92.00, Test Acc: 78.76, LR: 0.000100
2025-04-29 11:21:55,319 - INFO - Epoch: 307, Train Acc: 91.83, Test Acc: 77.49, LR: 0.000100
2025-04-29 11:24:59,031 - INFO - Epoch: 308, Train Acc: 91.51, Test Acc: 77.79, LR: 0.000100
2025-04-29 11:28:02,738 - INFO - Epoch: 309, Train Acc: 91.75, Test Acc: 78.38, LR: 0.000100
2025-04-29 11:31:06,643 - INFO - Epoch: 310, Train Acc: 91.62, Test Acc: 79.73, LR: 0.000100
2025-04-29 11:34:10,947 - INFO - Epoch: 311, Train Acc: 91.89, Test Acc: 78.76, LR: 0.000100
2025-04-29 11:37:15,181 - INFO - Epoch: 312, Train Acc: 91.47, Test Acc: 77.94, LR: 0.000100
2025-04-29 11:40:19,583 - INFO - Epoch: 313, Train Acc: 91.92, Test Acc: 79.66, LR: 0.000100
2025-04-29 11:43:23,688 - INFO - Epoch: 314, Train Acc: 92.34, Test Acc: 78.38, LR: 0.000100
2025-04-29 11:46:27,936 - INFO - Epoch: 315, Train Acc: 91.81, Test Acc: 78.53, LR: 0.000100
2025-04-29 11:49:32,346 - INFO - Epoch: 316, Train Acc: 92.30, Test Acc: 78.31, LR: 0.000100
2025-04-29 11:52:36,629 - INFO - Epoch: 317, Train Acc: 92.02, Test Acc: 78.76, LR: 0.000100
2025-04-29 11:55:42,458 - INFO - Epoch: 318, Train Acc: 91.62, Test Acc: 78.31, LR: 0.000100
2025-04-29 11:58:47,344 - INFO - Epoch: 319, Train Acc: 92.09, Test Acc: 78.01, LR: 0.000100
2025-04-29 12:01:52,162 - INFO - Epoch: 320, Train Acc: 91.87, Test Acc: 78.83, LR: 0.000100
2025-04-29 12:04:55,964 - INFO - Epoch: 321, Train Acc: 92.94, Test Acc: 77.71, LR: 0.000100
2025-04-29 12:08:00,537 - INFO - Epoch: 322, Train Acc: 92.09, Test Acc: 78.83, LR: 0.000100
2025-04-29 12:11:04,996 - INFO - Epoch: 323, Train Acc: 91.55, Test Acc: 79.88, LR: 0.000100
2025-04-29 12:14:08,797 - INFO - Epoch: 324, Train Acc: 92.13, Test Acc: 80.33, LR: 0.000100
2025-04-29 12:17:12,986 - INFO - Epoch: 325, Train Acc: 92.54, Test Acc: 78.91, LR: 0.000100
2025-04-29 12:20:17,098 - INFO - Epoch: 326, Train Acc: 92.34, Test Acc: 79.28, LR: 0.000100
2025-04-29 12:23:21,353 - INFO - Epoch: 327, Train Acc: 92.09, Test Acc: 79.28, LR: 0.000100
2025-04-29 12:26:25,963 - INFO - Epoch: 328, Train Acc: 92.71, Test Acc: 80.48, LR: 0.000100
2025-04-29 12:29:30,814 - INFO - Epoch: 329, Train Acc: 92.84, Test Acc: 80.03, LR: 0.000100
2025-04-29 12:32:35,425 - INFO - Epoch: 330, Train Acc: 92.86, Test Acc: 79.81, LR: 0.000100
2025-04-29 12:35:39,808 - INFO - Epoch: 331, Train Acc: 93.39, Test Acc: 80.03, LR: 0.000100
2025-04-29 12:38:44,333 - INFO - Epoch: 332, Train Acc: 92.81, Test Acc: 80.18, LR: 0.000100
2025-04-29 12:41:48,751 - INFO - Epoch: 333, Train Acc: 93.33, Test Acc: 79.58, LR: 0.000100
2025-04-29 12:44:52,638 - INFO - Epoch: 334, Train Acc: 92.45, Test Acc: 79.73, LR: 0.000100
2025-04-29 12:47:57,115 - INFO - Epoch: 335, Train Acc: 93.16, Test Acc: 78.98, LR: 0.000100
2025-04-29 12:51:00,480 - INFO - Epoch: 336, Train Acc: 93.33, Test Acc: 79.36, LR: 0.000100
2025-04-29 12:54:04,102 - INFO - Epoch: 337, Train Acc: 93.35, Test Acc: 79.43, LR: 0.000100
2025-04-29 12:57:07,947 - INFO - Epoch: 338, Train Acc: 93.18, Test Acc: 78.98, LR: 0.000100
2025-04-29 13:00:12,149 - INFO - Epoch: 339, Train Acc: 93.14, Test Acc: 79.28, LR: 0.000100
2025-04-29 13:03:16,209 - INFO - Epoch: 340, Train Acc: 92.84, Test Acc: 79.73, LR: 0.000100
2025-04-29 13:06:20,417 - INFO - Epoch: 341, Train Acc: 92.34, Test Acc: 81.23, LR: 0.000100
2025-04-29 13:09:24,519 - INFO - Epoch: 342, Train Acc: 92.75, Test Acc: 80.10, LR: 0.000100
2025-04-29 13:12:29,781 - INFO - Epoch: 343, Train Acc: 93.05, Test Acc: 80.93, LR: 0.000100
2025-04-29 13:15:33,905 - INFO - Epoch: 344, Train Acc: 93.09, Test Acc: 78.91, LR: 0.000100
2025-04-29 13:18:37,858 - INFO - Epoch: 345, Train Acc: 92.60, Test Acc: 78.46, LR: 0.000100
2025-04-29 13:21:42,919 - INFO - Epoch: 346, Train Acc: 93.56, Test Acc: 81.00, LR: 0.000100
2025-04-29 13:24:46,998 - INFO - Epoch: 347, Train Acc: 93.35, Test Acc: 80.18, LR: 0.000100
2025-04-29 13:27:51,294 - INFO - Epoch: 348, Train Acc: 92.77, Test Acc: 79.28, LR: 0.000100
2025-04-29 13:30:55,063 - INFO - Epoch: 349, Train Acc: 92.37, Test Acc: 80.78, LR: 0.000100
2025-04-29 13:33:59,005 - INFO - Epoch: 350, Train Acc: 93.35, Test Acc: 80.03, LR: 0.000100
2025-04-29 13:37:03,073 - INFO - Epoch: 351, Train Acc: 93.71, Test Acc: 80.70, LR: 0.000100
2025-04-29 13:40:07,246 - INFO - Epoch: 352, Train Acc: 93.39, Test Acc: 81.08, LR: 0.000100
2025-04-29 13:43:10,807 - INFO - Epoch: 353, Train Acc: 93.99, Test Acc: 82.20, LR: 0.000100
2025-04-29 13:46:14,899 - INFO - Epoch: 354, Train Acc: 93.33, Test Acc: 79.28, LR: 0.000100
2025-04-29 13:49:18,575 - INFO - Epoch: 355, Train Acc: 93.61, Test Acc: 80.48, LR: 0.000100
2025-04-29 13:52:22,757 - INFO - Epoch: 356, Train Acc: 93.24, Test Acc: 78.53, LR: 0.000100
2025-04-29 13:55:26,889 - INFO - Epoch: 357, Train Acc: 93.82, Test Acc: 79.36, LR: 0.000100
2025-04-29 13:58:31,044 - INFO - Epoch: 358, Train Acc: 93.78, Test Acc: 80.10, LR: 0.000100
2025-04-29 14:01:35,145 - INFO - Epoch: 359, Train Acc: 93.61, Test Acc: 80.63, LR: 0.000100
2025-04-29 14:04:39,002 - INFO - Epoch: 360, Train Acc: 93.14, Test Acc: 80.70, LR: 0.000100
2025-04-29 14:07:42,606 - INFO - Epoch: 361, Train Acc: 93.82, Test Acc: 80.48, LR: 0.000100
2025-04-29 14:10:46,161 - INFO - Epoch: 362, Train Acc: 93.97, Test Acc: 81.08, LR: 0.000100
2025-04-29 14:13:50,332 - INFO - Epoch: 363, Train Acc: 94.03, Test Acc: 78.98, LR: 0.000100
2025-04-29 14:16:54,455 - INFO - Epoch: 364, Train Acc: 93.58, Test Acc: 80.10, LR: 0.000100
2025-04-29 14:19:58,122 - INFO - Epoch: 365, Train Acc: 93.91, Test Acc: 80.03, LR: 0.000100
2025-04-29 14:23:01,515 - INFO - Epoch: 366, Train Acc: 94.25, Test Acc: 80.40, LR: 0.000100
2025-04-29 14:26:05,573 - INFO - Epoch: 367, Train Acc: 93.82, Test Acc: 80.48, LR: 0.000100
2025-04-29 14:29:09,160 - INFO - Epoch: 368, Train Acc: 93.48, Test Acc: 80.63, LR: 0.000100
2025-04-29 14:32:13,598 - INFO - Epoch: 369, Train Acc: 93.71, Test Acc: 79.06, LR: 0.000100
2025-04-29 14:35:18,964 - INFO - Epoch: 370, Train Acc: 94.12, Test Acc: 80.40, LR: 0.000100
2025-04-29 14:38:24,625 - INFO - Epoch: 371, Train Acc: 93.63, Test Acc: 80.70, LR: 0.000100
2025-04-29 14:41:30,476 - INFO - Epoch: 372, Train Acc: 93.61, Test Acc: 81.60, LR: 0.000100
2025-04-29 14:44:36,898 - INFO - Epoch: 373, Train Acc: 94.08, Test Acc: 79.88, LR: 0.000100
2025-04-29 14:47:42,679 - INFO - Epoch: 374, Train Acc: 93.31, Test Acc: 80.03, LR: 0.000100
2025-04-29 14:50:48,593 - INFO - Epoch: 375, Train Acc: 94.12, Test Acc: 80.03, LR: 0.000100
2025-04-29 14:53:52,899 - INFO - Epoch: 376, Train Acc: 93.93, Test Acc: 80.33, LR: 0.000100
2025-04-29 14:56:57,123 - INFO - Epoch: 377, Train Acc: 93.91, Test Acc: 80.63, LR: 0.000100
2025-04-29 15:00:01,229 - INFO - Epoch: 378, Train Acc: 93.31, Test Acc: 81.97, LR: 0.000100
2025-04-29 15:03:06,019 - INFO - Epoch: 379, Train Acc: 94.05, Test Acc: 81.60, LR: 0.000100
2025-04-29 15:06:10,404 - INFO - Epoch: 380, Train Acc: 93.88, Test Acc: 79.28, LR: 0.000100
2025-04-29 15:09:14,291 - INFO - Epoch: 381, Train Acc: 93.43, Test Acc: 81.38, LR: 0.000100
2025-04-29 15:12:18,013 - INFO - Epoch: 382, Train Acc: 93.35, Test Acc: 81.45, LR: 0.000100
2025-04-29 15:15:22,322 - INFO - Epoch: 383, Train Acc: 93.18, Test Acc: 80.03, LR: 0.000100
2025-04-29 15:18:26,803 - INFO - Epoch: 384, Train Acc: 93.20, Test Acc: 80.40, LR: 0.000100
2025-04-29 15:21:31,792 - INFO - Epoch: 385, Train Acc: 93.86, Test Acc: 80.18, LR: 0.000100
2025-04-29 15:24:36,504 - INFO - Epoch: 386, Train Acc: 93.71, Test Acc: 80.55, LR: 0.000100
2025-04-29 15:27:41,847 - INFO - Epoch: 387, Train Acc: 93.88, Test Acc: 81.15, LR: 0.000100
2025-04-29 15:30:46,615 - INFO - Epoch: 388, Train Acc: 94.14, Test Acc: 80.63, LR: 0.000100
2025-04-29 15:33:50,788 - INFO - Epoch: 389, Train Acc: 94.10, Test Acc: 79.66, LR: 0.000100
2025-04-29 15:36:55,071 - INFO - Epoch: 390, Train Acc: 94.50, Test Acc: 80.85, LR: 0.000100
2025-04-29 15:39:59,545 - INFO - Epoch: 391, Train Acc: 93.86, Test Acc: 81.30, LR: 0.000100
2025-04-29 15:43:03,662 - INFO - Epoch: 392, Train Acc: 94.57, Test Acc: 79.81, LR: 0.000100
2025-04-29 15:46:07,779 - INFO - Epoch: 393, Train Acc: 94.33, Test Acc: 82.57, LR: 0.000100
2025-04-29 15:49:11,656 - INFO - Epoch: 394, Train Acc: 93.71, Test Acc: 80.85, LR: 0.000100
2025-04-29 15:52:16,486 - INFO - Epoch: 395, Train Acc: 94.10, Test Acc: 80.18, LR: 0.000100
2025-04-29 15:55:21,227 - INFO - Epoch: 396, Train Acc: 94.78, Test Acc: 81.68, LR: 0.000100
2025-04-29 15:58:26,090 - INFO - Epoch: 397, Train Acc: 94.25, Test Acc: 81.15, LR: 0.000100
2025-04-29 16:01:29,969 - INFO - Epoch: 398, Train Acc: 93.88, Test Acc: 78.98, LR: 0.000100
2025-04-29 16:04:34,647 - INFO - Epoch: 399, Train Acc: 93.95, Test Acc: 80.33, LR: 0.000100
2025-04-29 16:07:38,739 - INFO - Epoch: 400, Train Acc: 93.65, Test Acc: 79.21, LR: 0.000100
2025-04-29 16:07:38,979 - INFO - Best model saved at models/lrcn_best_2025_04_29__16_07_38.pth
2025-04-29 16:20:04,703 - INFO - Retained old model
2025-04-29 16:28:12,209 - INFO - Epoch: 1, Train Acc: 3.85, Test Acc: 3.44, LR: 0.100000
2025-04-29 16:31:16,518 - INFO - Epoch: 2, Train Acc: 4.32, Test Acc: 3.66, LR: 0.100000
2025-04-29 16:34:20,654 - INFO - Epoch: 3, Train Acc: 4.28, Test Acc: 3.66, LR: 0.100000
2025-04-29 16:37:24,402 - INFO - Epoch: 4, Train Acc: 3.93, Test Acc: 3.89, LR: 0.100000
2025-04-29 16:40:28,478 - INFO - Epoch: 5, Train Acc: 3.08, Test Acc: 4.64, LR: 0.100000
2025-04-29 16:43:32,639 - INFO - Epoch: 6, Train Acc: 3.40, Test Acc: 4.11, LR: 0.100000
2025-04-29 16:46:36,348 - INFO - Epoch: 7, Train Acc: 3.81, Test Acc: 2.69, LR: 0.100000
2025-04-29 16:49:39,586 - INFO - Epoch: 8, Train Acc: 3.12, Test Acc: 2.32, LR: 0.100000
2025-04-29 16:52:42,092 - INFO - Epoch: 9, Train Acc: 2.99, Test Acc: 2.62, LR: 0.100000
2025-04-29 16:55:16,365 - INFO - Retained old model
2025-04-29 17:00:47,012 - INFO - Epoch: 1, Train Acc: 9.62, Test Acc: 11.44, LR: 0.010000
2025-04-29 17:01:15,645 - INFO - Epoch: 2, Train Acc: 15.68, Test Acc: 11.07, LR: 0.010000
2025-04-29 17:01:44,288 - INFO - Epoch: 3, Train Acc: 14.71, Test Acc: 10.70, LR: 0.010000
2025-04-29 17:02:12,862 - INFO - Epoch: 4, Train Acc: 16.49, Test Acc: 11.07, LR: 0.010000
2025-04-29 17:02:41,498 - INFO - Epoch: 5, Train Acc: 16.38, Test Acc: 15.41, LR: 0.010000
2025-04-29 17:03:10,101 - INFO - Epoch: 6, Train Acc: 16.79, Test Acc: 11.22, LR: 0.010000
2025-04-29 17:03:38,776 - INFO - Epoch: 7, Train Acc: 16.40, Test Acc: 14.06, LR: 0.010000
2025-04-29 17:04:07,487 - INFO - Epoch: 8, Train Acc: 15.27, Test Acc: 9.35, LR: 0.010000
2025-04-29 17:04:36,135 - INFO - Epoch: 9, Train Acc: 15.89, Test Acc: 17.28, LR: 0.010000
2025-04-29 17:05:04,788 - INFO - Epoch: 10, Train Acc: 18.05, Test Acc: 15.63, LR: 0.010000
2025-04-29 17:05:33,413 - INFO - Epoch: 11, Train Acc: 18.28, Test Acc: 19.07, LR: 0.010000
2025-04-29 17:06:02,110 - INFO - Epoch: 12, Train Acc: 20.17, Test Acc: 16.38, LR: 0.010000
2025-04-29 17:06:30,887 - INFO - Epoch: 13, Train Acc: 19.61, Test Acc: 17.88, LR: 0.010000
2025-04-29 17:06:59,507 - INFO - Epoch: 14, Train Acc: 19.38, Test Acc: 17.50, LR: 0.010000
2025-04-29 17:07:28,105 - INFO - Epoch: 15, Train Acc: 20.19, Test Acc: 18.03, LR: 0.010000
2025-04-29 17:07:56,723 - INFO - Epoch: 16, Train Acc: 20.51, Test Acc: 17.80, LR: 0.010000
2025-04-29 17:08:25,277 - INFO - Epoch: 17, Train Acc: 20.49, Test Acc: 18.32, LR: 0.010000
2025-04-29 17:08:53,793 - INFO - Epoch: 18, Train Acc: 20.98, Test Acc: 18.62, LR: 0.010000
2025-04-29 17:09:23,246 - INFO - Epoch: 19, Train Acc: 21.07, Test Acc: 15.56, LR: 0.010000
2025-04-29 17:09:51,828 - INFO - Epoch: 20, Train Acc: 20.72, Test Acc: 19.52, LR: 0.009000
2025-04-29 17:10:20,451 - INFO - Epoch: 21, Train Acc: 21.81, Test Acc: 20.42, LR: 0.009000
2025-04-29 17:10:49,047 - INFO - Epoch: 22, Train Acc: 20.74, Test Acc: 19.07, LR: 0.009000
2025-04-29 17:11:17,658 - INFO - Epoch: 23, Train Acc: 20.59, Test Acc: 17.95, LR: 0.009000
2025-04-29 17:11:46,216 - INFO - Epoch: 24, Train Acc: 21.77, Test Acc: 17.73, LR: 0.009000
2025-04-29 17:12:14,801 - INFO - Epoch: 25, Train Acc: 22.60, Test Acc: 19.67, LR: 0.009000
2025-04-29 17:12:43,383 - INFO - Epoch: 26, Train Acc: 23.40, Test Acc: 19.90, LR: 0.009000
2025-04-29 17:13:12,804 - INFO - Epoch: 27, Train Acc: 21.66, Test Acc: 17.80, LR: 0.009000
2025-04-29 17:13:41,374 - INFO - Epoch: 28, Train Acc: 21.71, Test Acc: 16.75, LR: 0.009000
2025-04-29 17:14:09,970 - INFO - Epoch: 29, Train Acc: 20.70, Test Acc: 17.65, LR: 0.009000
2025-04-29 17:14:38,554 - INFO - Epoch: 30, Train Acc: 20.32, Test Acc: 17.58, LR: 0.009000
2025-04-29 17:15:07,141 - INFO - Epoch: 31, Train Acc: 22.07, Test Acc: 17.73, LR: 0.009000
2025-04-29 17:15:35,699 - INFO - Epoch: 32, Train Acc: 21.47, Test Acc: 19.60, LR: 0.009000
2025-04-29 17:16:04,239 - INFO - Epoch: 33, Train Acc: 21.71, Test Acc: 17.43, LR: 0.009000
2025-04-29 17:16:32,812 - INFO - Epoch: 34, Train Acc: 22.97, Test Acc: 20.72, LR: 0.009000
2025-04-29 17:17:01,379 - INFO - Epoch: 35, Train Acc: 23.65, Test Acc: 19.00, LR: 0.009000
2025-04-29 17:17:29,975 - INFO - Epoch: 36, Train Acc: 22.63, Test Acc: 20.49, LR: 0.009000
2025-04-29 17:17:58,576 - INFO - Epoch: 37, Train Acc: 24.10, Test Acc: 21.91, LR: 0.009000
2025-04-29 17:18:27,218 - INFO - Epoch: 38, Train Acc: 24.12, Test Acc: 21.24, LR: 0.009000
2025-04-29 17:18:55,815 - INFO - Epoch: 39, Train Acc: 24.66, Test Acc: 20.94, LR: 0.009000
2025-04-29 17:19:39,784 - INFO - Retained old model
2025-04-29 17:25:10,411 - INFO - Epoch: 1, Train Acc: 5.65, Test Acc: 5.31, LR: 0.100000
2025-04-29 17:25:39,008 - INFO - Epoch: 2, Train Acc: 6.52, Test Acc: 7.70, LR: 0.100000
2025-04-29 17:26:07,597 - INFO - Epoch: 3, Train Acc: 6.05, Test Acc: 6.21, LR: 0.100000
2025-04-29 17:26:36,292 - INFO - Epoch: 4, Train Acc: 7.04, Test Acc: 8.15, LR: 0.100000
2025-04-29 17:27:04,872 - INFO - Epoch: 5, Train Acc: 7.76, Test Acc: 8.53, LR: 0.100000
2025-04-29 17:27:33,427 - INFO - Epoch: 6, Train Acc: 7.53, Test Acc: 8.23, LR: 0.100000
2025-04-29 17:28:02,022 - INFO - Epoch: 7, Train Acc: 7.38, Test Acc: 4.79, LR: 0.100000
2025-04-29 17:28:30,606 - INFO - Epoch: 8, Train Acc: 6.99, Test Acc: 6.81, LR: 0.100000
2025-04-29 17:28:59,167 - INFO - Epoch: 9, Train Acc: 6.97, Test Acc: 6.96, LR: 0.100000
2025-04-29 17:29:27,797 - INFO - Epoch: 10, Train Acc: 6.59, Test Acc: 5.01, LR: 0.100000
2025-04-29 17:29:56,392 - INFO - Epoch: 11, Train Acc: 5.80, Test Acc: 4.71, LR: 0.100000
2025-04-29 17:30:24,975 - INFO - Epoch: 12, Train Acc: 5.62, Test Acc: 3.44, LR: 0.100000
2025-04-29 17:30:53,630 - INFO - Epoch: 13, Train Acc: 5.58, Test Acc: 4.71, LR: 0.100000
2025-04-29 17:31:22,282 - INFO - Epoch: 14, Train Acc: 3.96, Test Acc: 3.14, LR: 0.100000
2025-04-29 17:31:50,889 - INFO - Epoch: 15, Train Acc: 3.42, Test Acc: 2.84, LR: 0.100000
2025-04-29 17:32:19,481 - INFO - Epoch: 16, Train Acc: 4.66, Test Acc: 2.24, LR: 0.100000
2025-04-29 17:32:48,112 - INFO - Epoch: 17, Train Acc: 4.11, Test Acc: 3.22, LR: 0.100000
2025-04-29 17:33:16,740 - INFO - Epoch: 18, Train Acc: 3.83, Test Acc: 2.84, LR: 0.100000
2025-04-29 17:33:45,362 - INFO - Epoch: 19, Train Acc: 3.57, Test Acc: 2.54, LR: 0.100000
2025-04-29 17:34:14,073 - INFO - Epoch: 20, Train Acc: 4.17, Test Acc: 3.29, LR: 0.090000
2025-04-29 17:34:42,732 - INFO - Epoch: 21, Train Acc: 3.44, Test Acc: 2.54, LR: 0.090000
2025-04-29 17:35:12,253 - INFO - Epoch: 22, Train Acc: 4.19, Test Acc: 3.37, LR: 0.090000
2025-04-29 17:35:40,877 - INFO - Epoch: 23, Train Acc: 4.04, Test Acc: 3.52, LR: 0.090000
2025-04-29 17:36:09,493 - INFO - Epoch: 24, Train Acc: 4.23, Test Acc: 3.14, LR: 0.090000
2025-04-29 17:36:38,143 - INFO - Epoch: 25, Train Acc: 4.02, Test Acc: 3.81, LR: 0.090000
2025-04-29 17:37:06,774 - INFO - Epoch: 26, Train Acc: 3.85, Test Acc: 3.81, LR: 0.090000
2025-04-29 17:37:35,442 - INFO - Epoch: 27, Train Acc: 4.04, Test Acc: 2.99, LR: 0.090000
2025-04-29 17:38:04,084 - INFO - Epoch: 28, Train Acc: 3.66, Test Acc: 2.69, LR: 0.090000
2025-04-29 17:38:32,706 - INFO - Epoch: 29, Train Acc: 4.06, Test Acc: 3.14, LR: 0.090000
2025-04-29 17:39:01,320 - INFO - Epoch: 30, Train Acc: 3.93, Test Acc: 2.54, LR: 0.090000
2025-04-29 17:39:29,948 - INFO - Epoch: 31, Train Acc: 3.72, Test Acc: 2.62, LR: 0.090000
2025-04-29 17:39:58,615 - INFO - Epoch: 32, Train Acc: 4.17, Test Acc: 2.54, LR: 0.090000
2025-04-29 17:40:27,255 - INFO - Epoch: 33, Train Acc: 4.30, Test Acc: 4.41, LR: 0.090000
2025-04-29 17:40:55,877 - INFO - Epoch: 34, Train Acc: 4.26, Test Acc: 2.54, LR: 0.090000
2025-04-29 17:41:24,533 - INFO - Epoch: 35, Train Acc: 3.72, Test Acc: 4.26, LR: 0.090000
2025-04-29 17:41:53,181 - INFO - Epoch: 36, Train Acc: 3.51, Test Acc: 2.17, LR: 0.090000
2025-04-29 17:42:21,862 - INFO - Epoch: 37, Train Acc: 2.95, Test Acc: 2.62, LR: 0.090000
2025-04-29 17:42:50,495 - INFO - Epoch: 38, Train Acc: 3.46, Test Acc: 2.47, LR: 0.090000
2025-04-29 17:43:19,121 - INFO - Epoch: 39, Train Acc: 3.61, Test Acc: 3.89, LR: 0.090000
2025-04-29 17:43:47,811 - INFO - Epoch: 40, Train Acc: 3.87, Test Acc: 3.22, LR: 0.081000
2025-04-29 17:44:17,306 - INFO - Epoch: 41, Train Acc: 3.68, Test Acc: 3.29, LR: 0.081000
2025-04-29 17:44:46,086 - INFO - Epoch: 42, Train Acc: 3.68, Test Acc: 2.92, LR: 0.081000
2025-04-29 17:45:14,736 - INFO - Epoch: 43, Train Acc: 3.64, Test Acc: 3.14, LR: 0.081000
2025-04-29 17:45:43,348 - INFO - Epoch: 44, Train Acc: 3.57, Test Acc: 2.92, LR: 0.081000
2025-04-29 17:46:11,957 - INFO - Epoch: 45, Train Acc: 3.44, Test Acc: 3.14, LR: 0.081000
2025-04-29 17:46:40,631 - INFO - Epoch: 46, Train Acc: 4.41, Test Acc: 4.41, LR: 0.081000
2025-04-29 17:47:10,160 - INFO - Epoch: 47, Train Acc: 4.38, Test Acc: 3.44, LR: 0.081000
2025-04-29 17:47:38,950 - INFO - Epoch: 48, Train Acc: 3.98, Test Acc: 3.59, LR: 0.081000
2025-04-29 17:48:07,577 - INFO - Epoch: 49, Train Acc: 4.08, Test Acc: 4.04, LR: 0.081000
2025-04-29 17:48:36,187 - INFO - Epoch: 50, Train Acc: 4.21, Test Acc: 4.34, LR: 0.081000
2025-04-29 17:49:04,805 - INFO - Epoch: 51, Train Acc: 4.73, Test Acc: 4.34, LR: 0.081000
2025-04-29 17:49:55,331 - INFO - Retained old model
2025-04-29 17:55:26,138 - INFO - Epoch: 1, Train Acc: 9.88, Test Acc: 8.75, LR: 0.010000
2025-04-29 17:55:55,087 - INFO - Epoch: 2, Train Acc: 14.20, Test Acc: 11.89, LR: 0.010000
2025-04-29 17:56:24,049 - INFO - Epoch: 3, Train Acc: 15.72, Test Acc: 12.57, LR: 0.010000
2025-04-29 17:56:53,028 - INFO - Epoch: 4, Train Acc: 15.57, Test Acc: 12.72, LR: 0.010000
2025-04-29 17:57:22,024 - INFO - Epoch: 5, Train Acc: 16.75, Test Acc: 15.56, LR: 0.010000
2025-04-29 17:57:50,987 - INFO - Epoch: 6, Train Acc: 17.64, Test Acc: 15.41, LR: 0.010000
2025-04-29 17:58:19,976 - INFO - Epoch: 7, Train Acc: 16.79, Test Acc: 18.18, LR: 0.010000
2025-04-29 17:58:48,938 - INFO - Epoch: 8, Train Acc: 17.41, Test Acc: 14.73, LR: 0.010000
2025-04-29 17:59:17,904 - INFO - Epoch: 9, Train Acc: 17.64, Test Acc: 17.35, LR: 0.010000
2025-04-29 17:59:46,865 - INFO - Epoch: 10, Train Acc: 18.93, Test Acc: 16.90, LR: 0.010000
2025-04-29 18:00:15,581 - INFO - Epoch: 11, Train Acc: 18.46, Test Acc: 18.85, LR: 0.010000
2025-04-29 18:00:44,568 - INFO - Epoch: 12, Train Acc: 20.10, Test Acc: 15.48, LR: 0.010000
2025-04-29 18:01:13,556 - INFO - Epoch: 13, Train Acc: 20.02, Test Acc: 18.55, LR: 0.010000
2025-04-29 18:01:42,515 - INFO - Epoch: 14, Train Acc: 20.85, Test Acc: 21.39, LR: 0.010000
2025-04-29 18:02:11,420 - INFO - Epoch: 15, Train Acc: 20.06, Test Acc: 19.75, LR: 0.010000
2025-04-29 18:02:40,302 - INFO - Epoch: 16, Train Acc: 19.95, Test Acc: 21.39, LR: 0.010000
2025-04-29 18:03:09,284 - INFO - Epoch: 17, Train Acc: 20.96, Test Acc: 20.19, LR: 0.010000
2025-04-29 18:03:38,272 - INFO - Epoch: 18, Train Acc: 22.22, Test Acc: 20.34, LR: 0.010000
2025-04-29 18:04:07,271 - INFO - Epoch: 19, Train Acc: 22.28, Test Acc: 18.18, LR: 0.010000
2025-04-29 18:04:36,229 - INFO - Epoch: 20, Train Acc: 21.60, Test Acc: 21.84, LR: 0.009000
2025-04-29 18:05:05,217 - INFO - Epoch: 21, Train Acc: 22.46, Test Acc: 23.34, LR: 0.009000
2025-04-29 18:05:34,277 - INFO - Epoch: 22, Train Acc: 23.40, Test Acc: 20.04, LR: 0.009000
2025-04-29 18:06:03,083 - INFO - Epoch: 23, Train Acc: 20.96, Test Acc: 22.51, LR: 0.009000
2025-04-29 18:06:32,099 - INFO - Epoch: 24, Train Acc: 21.75, Test Acc: 19.15, LR: 0.009000
2025-04-29 18:07:01,135 - INFO - Epoch: 25, Train Acc: 21.56, Test Acc: 19.45, LR: 0.009000
2025-04-29 18:07:30,119 - INFO - Epoch: 26, Train Acc: 22.13, Test Acc: 20.12, LR: 0.009000
2025-04-29 18:07:59,103 - INFO - Epoch: 27, Train Acc: 22.52, Test Acc: 21.91, LR: 0.009000
2025-04-29 18:08:28,104 - INFO - Epoch: 28, Train Acc: 23.16, Test Acc: 19.15, LR: 0.009000
2025-04-29 18:08:57,099 - INFO - Epoch: 29, Train Acc: 20.79, Test Acc: 19.75, LR: 0.009000
2025-04-29 18:09:26,009 - INFO - Epoch: 30, Train Acc: 21.34, Test Acc: 21.09, LR: 0.009000
2025-04-29 18:09:55,055 - INFO - Epoch: 31, Train Acc: 22.78, Test Acc: 21.47, LR: 0.009000
2025-04-29 18:10:24,067 - INFO - Epoch: 32, Train Acc: 23.70, Test Acc: 16.68, LR: 0.009000
2025-04-29 18:10:53,053 - INFO - Epoch: 33, Train Acc: 22.75, Test Acc: 19.52, LR: 0.009000
2025-04-29 18:11:22,101 - INFO - Epoch: 34, Train Acc: 20.44, Test Acc: 19.52, LR: 0.009000
2025-04-29 18:11:51,030 - INFO - Epoch: 35, Train Acc: 23.67, Test Acc: 20.49, LR: 0.009000
2025-04-29 18:12:20,003 - INFO - Epoch: 36, Train Acc: 25.34, Test Acc: 22.66, LR: 0.009000
2025-04-29 18:12:48,934 - INFO - Epoch: 37, Train Acc: 25.79, Test Acc: 24.23, LR: 0.009000
2025-04-29 18:13:17,909 - INFO - Epoch: 38, Train Acc: 26.39, Test Acc: 23.56, LR: 0.009000
2025-04-29 18:13:47,513 - INFO - Epoch: 39, Train Acc: 26.69, Test Acc: 23.41, LR: 0.009000
2025-04-29 18:14:16,522 - INFO - Epoch: 40, Train Acc: 27.14, Test Acc: 24.16, LR: 0.008100
2025-04-29 18:14:45,231 - INFO - Epoch: 41, Train Acc: 26.99, Test Acc: 25.43, LR: 0.008100
2025-04-29 18:15:14,195 - INFO - Epoch: 42, Train Acc: 27.61, Test Acc: 25.50, LR: 0.008100
2025-04-29 18:15:43,164 - INFO - Epoch: 43, Train Acc: 28.06, Test Acc: 27.37, LR: 0.008100
2025-04-29 18:16:11,872 - INFO - Epoch: 44, Train Acc: 28.44, Test Acc: 25.95, LR: 0.008100
2025-04-29 18:16:41,586 - INFO - Epoch: 45, Train Acc: 28.89, Test Acc: 25.65, LR: 0.008100
2025-04-29 18:17:11,465 - INFO - Epoch: 46, Train Acc: 29.77, Test Acc: 25.50, LR: 0.008100
2025-04-29 18:17:40,500 - INFO - Epoch: 47, Train Acc: 27.69, Test Acc: 25.65, LR: 0.008100
2025-04-29 18:18:09,495 - INFO - Epoch: 48, Train Acc: 28.53, Test Acc: 25.65, LR: 0.008100
2025-04-29 18:18:38,542 - INFO - Epoch: 49, Train Acc: 27.65, Test Acc: 26.48, LR: 0.008100
2025-04-29 18:19:07,356 - INFO - Epoch: 50, Train Acc: 28.27, Test Acc: 25.50, LR: 0.008100
2025-04-29 18:19:36,428 - INFO - Epoch: 51, Train Acc: 28.34, Test Acc: 26.25, LR: 0.008100
2025-04-29 18:20:05,388 - INFO - Epoch: 52, Train Acc: 30.28, Test Acc: 27.97, LR: 0.008100
2025-04-29 18:20:34,332 - INFO - Epoch: 53, Train Acc: 30.15, Test Acc: 24.61, LR: 0.008100
2025-04-29 18:21:03,315 - INFO - Epoch: 54, Train Acc: 30.09, Test Acc: 26.03, LR: 0.008100
2025-04-29 18:21:32,257 - INFO - Epoch: 55, Train Acc: 28.91, Test Acc: 25.88, LR: 0.008100
2025-04-29 18:22:01,206 - INFO - Epoch: 56, Train Acc: 28.42, Test Acc: 28.05, LR: 0.008100
2025-04-29 18:22:30,178 - INFO - Epoch: 57, Train Acc: 29.19, Test Acc: 30.07, LR: 0.008100
2025-04-29 18:22:59,143 - INFO - Epoch: 58, Train Acc: 30.97, Test Acc: 27.30, LR: 0.008100
2025-04-29 18:23:28,109 - INFO - Epoch: 59, Train Acc: 28.87, Test Acc: 24.76, LR: 0.008100
2025-04-29 18:23:57,074 - INFO - Epoch: 60, Train Acc: 28.68, Test Acc: 25.28, LR: 0.007290
2025-04-29 18:24:26,016 - INFO - Epoch: 61, Train Acc: 29.32, Test Acc: 27.23, LR: 0.007290
2025-04-29 18:24:54,943 - INFO - Epoch: 62, Train Acc: 30.26, Test Acc: 27.37, LR: 0.007290
2025-04-29 18:25:23,918 - INFO - Epoch: 63, Train Acc: 30.97, Test Acc: 27.90, LR: 0.007290
2025-04-29 18:25:52,859 - INFO - Epoch: 64, Train Acc: 31.86, Test Acc: 26.33, LR: 0.007290
2025-04-29 18:26:21,543 - INFO - Epoch: 65, Train Acc: 30.24, Test Acc: 27.30, LR: 0.007290
2025-04-29 18:26:50,613 - INFO - Epoch: 66, Train Acc: 31.61, Test Acc: 26.55, LR: 0.007290
2025-04-29 18:27:18,902 - INFO - Epoch: 67, Train Acc: 30.97, Test Acc: 26.03, LR: 0.007290
2025-04-29 18:27:47,836 - INFO - Epoch: 68, Train Acc: 31.39, Test Acc: 29.02, LR: 0.007290
2025-04-29 18:28:16,899 - INFO - Epoch: 69, Train Acc: 31.07, Test Acc: 27.75, LR: 0.007290
2025-04-29 18:28:45,887 - INFO - Epoch: 70, Train Acc: 31.89, Test Acc: 26.85, LR: 0.007290
2025-04-29 18:29:14,895 - INFO - Epoch: 71, Train Acc: 31.33, Test Acc: 25.58, LR: 0.007290
2025-04-29 18:29:43,892 - INFO - Epoch: 72, Train Acc: 31.07, Test Acc: 27.90, LR: 0.007290
2025-04-29 18:30:12,862 - INFO - Epoch: 73, Train Acc: 32.04, Test Acc: 28.50, LR: 0.007290
2025-04-29 18:30:41,879 - INFO - Epoch: 74, Train Acc: 32.78, Test Acc: 29.39, LR: 0.007290
2025-04-29 18:31:10,875 - INFO - Epoch: 75, Train Acc: 32.87, Test Acc: 30.07, LR: 0.007290
2025-04-29 18:31:39,877 - INFO - Epoch: 76, Train Acc: 33.17, Test Acc: 28.12, LR: 0.007290
2025-04-29 18:32:08,878 - INFO - Epoch: 77, Train Acc: 31.42, Test Acc: 27.15, LR: 0.007290
2025-04-29 18:32:37,859 - INFO - Epoch: 78, Train Acc: 31.82, Test Acc: 27.90, LR: 0.007290
2025-04-29 18:33:06,872 - INFO - Epoch: 79, Train Acc: 31.69, Test Acc: 26.63, LR: 0.007290
2025-04-29 18:33:35,901 - INFO - Epoch: 80, Train Acc: 32.04, Test Acc: 27.82, LR: 0.006561
2025-04-29 18:34:04,923 - INFO - Epoch: 81, Train Acc: 32.87, Test Acc: 24.61, LR: 0.006561
2025-04-29 18:34:33,915 - INFO - Epoch: 82, Train Acc: 32.21, Test Acc: 28.72, LR: 0.006561
2025-04-29 18:35:02,864 - INFO - Epoch: 83, Train Acc: 31.24, Test Acc: 29.17, LR: 0.006561
2025-04-29 18:35:31,852 - INFO - Epoch: 84, Train Acc: 31.46, Test Acc: 27.30, LR: 0.006561
2025-04-29 18:36:00,846 - INFO - Epoch: 85, Train Acc: 32.85, Test Acc: 29.62, LR: 0.006561
2025-04-29 18:36:29,834 - INFO - Epoch: 86, Train Acc: 33.68, Test Acc: 27.82, LR: 0.006561
2025-04-29 18:36:58,837 - INFO - Epoch: 87, Train Acc: 34.28, Test Acc: 28.72, LR: 0.006561
2025-04-29 18:37:27,826 - INFO - Epoch: 88, Train Acc: 34.02, Test Acc: 28.65, LR: 0.006561
2025-04-29 18:37:56,821 - INFO - Epoch: 89, Train Acc: 35.27, Test Acc: 28.35, LR: 0.006561
2025-04-29 18:38:25,809 - INFO - Epoch: 90, Train Acc: 34.09, Test Acc: 28.95, LR: 0.006561
2025-04-29 18:38:54,832 - INFO - Epoch: 91, Train Acc: 34.39, Test Acc: 27.75, LR: 0.006561
2025-04-29 18:39:23,806 - INFO - Epoch: 92, Train Acc: 34.73, Test Acc: 28.65, LR: 0.006561
2025-04-29 18:39:52,783 - INFO - Epoch: 93, Train Acc: 34.50, Test Acc: 27.90, LR: 0.006561
2025-04-29 18:40:21,776 - INFO - Epoch: 94, Train Acc: 35.35, Test Acc: 27.82, LR: 0.006561
2025-04-29 18:40:50,788 - INFO - Epoch: 95, Train Acc: 34.11, Test Acc: 28.35, LR: 0.006561
2025-04-29 18:41:19,790 - INFO - Epoch: 96, Train Acc: 34.09, Test Acc: 27.23, LR: 0.006561
2025-04-29 18:41:48,727 - INFO - Epoch: 97, Train Acc: 34.45, Test Acc: 26.85, LR: 0.006561
2025-04-29 18:42:17,741 - INFO - Epoch: 98, Train Acc: 34.41, Test Acc: 26.70, LR: 0.006561
2025-04-29 18:42:46,722 - INFO - Epoch: 99, Train Acc: 32.55, Test Acc: 26.33, LR: 0.006561
2025-04-29 18:43:15,717 - INFO - Epoch: 100, Train Acc: 33.51, Test Acc: 27.90, LR: 0.005905
2025-04-29 18:43:15,953 - INFO - Best model saved at models/lrcn_best_2025_04_29__18_43_15.pth
2025-04-29 18:46:28,544 - INFO - Retained old model
2025-04-29 18:47:28,208 - INFO - Retained old model
2025-04-29 18:52:59,225 - INFO - Epoch: 1, Train Acc: 10.12, Test Acc: 8.75, LR: 0.010000
2025-04-29 18:52:59,464 - INFO - Best model saved at models/lrcn_best_2025_04_29__18_52_59.pth
2025-04-29 18:53:15,280 - INFO - Overall True Positives: 459
2025-04-29 18:53:15,280 - INFO - Overall True Negatives: 224907
2025-04-29 18:53:15,280 - INFO - Overall False Positives: 4217
2025-04-29 18:53:15,280 - INFO - Overall False Negatives: 4217
2025-04-29 18:53:21,087 - INFO - Overall True Positives: 73
2025-04-29 18:53:21,087 - INFO - Overall True Negatives: 32137
2025-04-29 18:53:21,087 - INFO - Overall False Positives: 595
2025-04-29 18:53:21,087 - INFO - Overall False Negatives: 595
2025-04-29 18:53:29,031 - INFO - Overall True Positives: 117
2025-04-29 18:53:29,031 - INFO - Overall True Negatives: 64293
2025-04-29 18:53:29,031 - INFO - Overall False Positives: 1220
2025-04-29 18:53:29,031 - INFO - Overall False Negatives: 1220
2025-04-29 18:53:32,606 - INFO - Final Train Accuracy: 9.82%
2025-04-29 18:53:32,606 - INFO - Final Validation Accuracy: 10.93%
2025-04-29 18:53:32,606 - INFO - Final Test Accuracy: 8.75%
2025-04-29 18:54:13,595 - INFO - Retained old model
2025-04-29 18:59:44,207 - INFO - Epoch: 1, Train Acc: 9.05, Test Acc: 9.72, LR: 0.010000
2025-04-29 19:00:13,084 - INFO - Epoch: 2, Train Acc: 13.07, Test Acc: 7.18, LR: 0.010000
2025-04-29 19:00:41,916 - INFO - Epoch: 3, Train Acc: 15.14, Test Acc: 12.64, LR: 0.010000
2025-04-29 19:01:10,748 - INFO - Epoch: 4, Train Acc: 15.01, Test Acc: 11.07, LR: 0.010000
2025-04-29 19:01:39,615 - INFO - Epoch: 5, Train Acc: 16.70, Test Acc: 14.96, LR: 0.010000
2025-04-29 19:02:08,451 - INFO - Epoch: 6, Train Acc: 15.25, Test Acc: 13.69, LR: 0.010000
2025-04-29 19:02:37,285 - INFO - Epoch: 7, Train Acc: 15.44, Test Acc: 15.48, LR: 0.010000
2025-04-29 19:03:05,905 - INFO - Epoch: 8, Train Acc: 17.13, Test Acc: 13.24, LR: 0.010000
2025-04-29 19:03:34,728 - INFO - Epoch: 9, Train Acc: 17.64, Test Acc: 16.31, LR: 0.010000
2025-04-29 19:04:03,590 - INFO - Epoch: 10, Train Acc: 19.33, Test Acc: 15.78, LR: 0.010000
2025-04-29 19:04:32,457 - INFO - Epoch: 11, Train Acc: 18.54, Test Acc: 16.01, LR: 0.010000
2025-04-29 19:05:01,063 - INFO - Epoch: 12, Train Acc: 16.66, Test Acc: 18.18, LR: 0.010000
2025-04-29 19:05:29,982 - INFO - Epoch: 13, Train Acc: 18.14, Test Acc: 16.16, LR: 0.010000
2025-04-29 19:05:58,909 - INFO - Epoch: 14, Train Acc: 20.53, Test Acc: 17.95, LR: 0.010000
2025-04-29 19:06:27,590 - INFO - Epoch: 15, Train Acc: 20.49, Test Acc: 16.90, LR: 0.010000
2025-04-29 19:06:56,538 - INFO - Epoch: 16, Train Acc: 19.85, Test Acc: 17.20, LR: 0.010000
2025-04-29 19:07:25,513 - INFO - Epoch: 17, Train Acc: 19.74, Test Acc: 17.95, LR: 0.010000
2025-04-29 19:07:55,175 - INFO - Epoch: 18, Train Acc: 20.10, Test Acc: 17.05, LR: 0.010000
2025-04-29 19:08:24,867 - INFO - Epoch: 19, Train Acc: 19.57, Test Acc: 15.86, LR: 0.010000
2025-04-29 19:08:53,769 - INFO - Epoch: 20, Train Acc: 19.16, Test Acc: 16.60, LR: 0.010000
2025-04-29 19:09:22,751 - INFO - Epoch: 21, Train Acc: 20.17, Test Acc: 16.31, LR: 0.010000
2025-04-29 19:09:52,284 - INFO - Epoch: 22, Train Acc: 21.43, Test Acc: 16.75, LR: 0.010000
2025-04-29 19:10:21,280 - INFO - Epoch: 23, Train Acc: 21.51, Test Acc: 19.15, LR: 0.010000
2025-04-29 19:10:50,176 - INFO - Epoch: 24, Train Acc: 22.78, Test Acc: 19.37, LR: 0.010000
2025-04-29 19:11:19,078 - INFO - Epoch: 25, Train Acc: 22.84, Test Acc: 18.32, LR: 0.010000
2025-04-29 19:11:47,950 - INFO - Epoch: 26, Train Acc: 23.27, Test Acc: 20.49, LR: 0.010000
2025-04-29 19:12:16,838 - INFO - Epoch: 27, Train Acc: 23.05, Test Acc: 18.92, LR: 0.010000
2025-04-29 19:12:45,734 - INFO - Epoch: 28, Train Acc: 22.90, Test Acc: 14.96, LR: 0.010000
2025-04-29 19:13:14,567 - INFO - Epoch: 29, Train Acc: 22.31, Test Acc: 20.27, LR: 0.010000
2025-04-29 19:13:43,466 - INFO - Epoch: 30, Train Acc: 22.58, Test Acc: 18.77, LR: 0.010000
2025-04-29 19:14:12,352 - INFO - Epoch: 31, Train Acc: 22.05, Test Acc: 21.54, LR: 0.010000
2025-04-29 19:14:41,183 - INFO - Epoch: 32, Train Acc: 21.43, Test Acc: 18.55, LR: 0.010000
2025-04-29 19:15:09,787 - INFO - Epoch: 33, Train Acc: 22.52, Test Acc: 19.07, LR: 0.010000
2025-04-29 19:15:38,758 - INFO - Epoch: 34, Train Acc: 22.69, Test Acc: 16.38, LR: 0.010000
2025-04-29 19:16:07,440 - INFO - Epoch: 35, Train Acc: 21.19, Test Acc: 18.18, LR: 0.010000
2025-04-29 19:16:36,313 - INFO - Epoch: 36, Train Acc: 21.54, Test Acc: 18.32, LR: 0.010000
2025-04-29 19:17:05,010 - INFO - Epoch: 37, Train Acc: 23.14, Test Acc: 18.92, LR: 0.010000
2025-04-29 19:17:33,895 - INFO - Epoch: 38, Train Acc: 23.10, Test Acc: 18.03, LR: 0.010000
2025-04-29 19:18:02,831 - INFO - Epoch: 39, Train Acc: 22.86, Test Acc: 20.19, LR: 0.010000
2025-04-29 19:18:31,756 - INFO - Epoch: 40, Train Acc: 22.73, Test Acc: 17.43, LR: 0.010000
2025-04-29 19:19:00,651 - INFO - Epoch: 41, Train Acc: 21.24, Test Acc: 16.90, LR: 0.010000
2025-04-29 19:19:29,579 - INFO - Epoch: 42, Train Acc: 20.62, Test Acc: 15.78, LR: 0.010000
2025-04-29 19:19:58,515 - INFO - Epoch: 43, Train Acc: 20.23, Test Acc: 17.20, LR: 0.010000
2025-04-29 19:20:27,291 - INFO - Epoch: 44, Train Acc: 20.85, Test Acc: 16.45, LR: 0.010000
2025-04-29 19:20:55,901 - INFO - Epoch: 45, Train Acc: 21.83, Test Acc: 18.25, LR: 0.010000
2025-04-29 19:21:25,270 - INFO - Epoch: 46, Train Acc: 22.58, Test Acc: 17.35, LR: 0.010000
2025-04-29 19:21:54,283 - INFO - Epoch: 47, Train Acc: 20.51, Test Acc: 17.50, LR: 0.010000
2025-04-29 19:22:22,914 - INFO - Epoch: 48, Train Acc: 21.21, Test Acc: 19.15, LR: 0.010000
2025-04-29 19:22:51,766 - INFO - Epoch: 49, Train Acc: 22.35, Test Acc: 18.10, LR: 0.010000
2025-04-29 19:23:20,635 - INFO - Epoch: 50, Train Acc: 23.35, Test Acc: 20.72, LR: 0.009000
2025-04-29 19:23:49,497 - INFO - Epoch: 51, Train Acc: 23.93, Test Acc: 21.02, LR: 0.009000
2025-04-29 19:24:18,394 - INFO - Epoch: 52, Train Acc: 24.04, Test Acc: 19.75, LR: 0.009000
2025-04-29 19:24:47,108 - INFO - Epoch: 53, Train Acc: 24.08, Test Acc: 18.47, LR: 0.009000
2025-04-29 19:25:16,004 - INFO - Epoch: 54, Train Acc: 25.66, Test Acc: 18.92, LR: 0.009000
2025-04-29 19:25:44,852 - INFO - Epoch: 55, Train Acc: 24.40, Test Acc: 20.72, LR: 0.009000
2025-04-29 19:26:13,787 - INFO - Epoch: 56, Train Acc: 25.81, Test Acc: 21.39, LR: 0.009000
2025-04-29 19:26:42,658 - INFO - Epoch: 57, Train Acc: 27.03, Test Acc: 20.57, LR: 0.009000
2025-04-29 19:27:11,566 - INFO - Epoch: 58, Train Acc: 25.45, Test Acc: 20.79, LR: 0.009000
2025-04-29 19:27:40,233 - INFO - Epoch: 59, Train Acc: 24.64, Test Acc: 19.00, LR: 0.009000
2025-04-29 19:28:09,135 - INFO - Epoch: 60, Train Acc: 26.18, Test Acc: 21.77, LR: 0.009000
2025-04-29 19:28:38,050 - INFO - Epoch: 61, Train Acc: 26.82, Test Acc: 21.62, LR: 0.009000
2025-04-29 19:29:06,948 - INFO - Epoch: 62, Train Acc: 26.58, Test Acc: 20.42, LR: 0.009000
2025-04-29 19:29:35,871 - INFO - Epoch: 63, Train Acc: 27.65, Test Acc: 20.87, LR: 0.009000
2025-04-29 19:30:04,801 - INFO - Epoch: 64, Train Acc: 25.75, Test Acc: 21.02, LR: 0.009000
2025-04-29 19:30:33,704 - INFO - Epoch: 65, Train Acc: 27.27, Test Acc: 20.42, LR: 0.009000
2025-04-29 19:31:02,596 - INFO - Epoch: 66, Train Acc: 27.65, Test Acc: 21.99, LR: 0.009000
2025-04-29 19:31:31,357 - INFO - Epoch: 67, Train Acc: 27.16, Test Acc: 22.74, LR: 0.009000
2025-04-29 19:32:00,264 - INFO - Epoch: 68, Train Acc: 27.52, Test Acc: 23.56, LR: 0.009000
2025-04-29 19:32:29,198 - INFO - Epoch: 69, Train Acc: 26.86, Test Acc: 21.32, LR: 0.009000
2025-04-29 19:32:57,985 - INFO - Epoch: 70, Train Acc: 28.36, Test Acc: 22.29, LR: 0.009000
2025-04-29 19:33:26,899 - INFO - Epoch: 71, Train Acc: 27.33, Test Acc: 23.56, LR: 0.009000
2025-04-29 19:33:55,797 - INFO - Epoch: 72, Train Acc: 29.47, Test Acc: 24.38, LR: 0.009000
2025-04-29 19:34:24,735 - INFO - Epoch: 73, Train Acc: 29.73, Test Acc: 22.29, LR: 0.009000
2025-04-29 19:34:53,723 - INFO - Epoch: 74, Train Acc: 27.78, Test Acc: 23.11, LR: 0.009000
2025-04-29 19:35:22,677 - INFO - Epoch: 75, Train Acc: 27.57, Test Acc: 22.51, LR: 0.009000
2025-04-29 19:35:51,571 - INFO - Epoch: 76, Train Acc: 28.12, Test Acc: 23.04, LR: 0.009000
2025-04-29 19:36:20,490 - INFO - Epoch: 77, Train Acc: 28.29, Test Acc: 24.38, LR: 0.009000
2025-04-29 19:36:49,432 - INFO - Epoch: 78, Train Acc: 28.21, Test Acc: 23.93, LR: 0.009000
2025-04-29 19:37:18,329 - INFO - Epoch: 79, Train Acc: 29.15, Test Acc: 23.56, LR: 0.009000
2025-04-29 19:37:47,183 - INFO - Epoch: 80, Train Acc: 28.59, Test Acc: 24.38, LR: 0.009000
2025-04-29 19:38:16,060 - INFO - Epoch: 81, Train Acc: 27.69, Test Acc: 22.81, LR: 0.009000
2025-04-29 19:38:44,965 - INFO - Epoch: 82, Train Acc: 27.44, Test Acc: 24.31, LR: 0.009000
2025-04-29 19:39:13,834 - INFO - Epoch: 83, Train Acc: 27.27, Test Acc: 25.06, LR: 0.009000
2025-04-29 19:39:42,698 - INFO - Epoch: 84, Train Acc: 28.34, Test Acc: 23.49, LR: 0.009000
2025-04-29 19:40:11,584 - INFO - Epoch: 85, Train Acc: 28.36, Test Acc: 24.46, LR: 0.009000
2025-04-29 19:40:40,464 - INFO - Epoch: 86, Train Acc: 28.23, Test Acc: 24.38, LR: 0.009000
2025-04-29 19:41:09,363 - INFO - Epoch: 87, Train Acc: 29.43, Test Acc: 24.38, LR: 0.009000
2025-04-29 19:41:38,258 - INFO - Epoch: 88, Train Acc: 30.60, Test Acc: 23.04, LR: 0.009000
2025-04-29 19:42:07,115 - INFO - Epoch: 89, Train Acc: 29.23, Test Acc: 25.21, LR: 0.009000
2025-04-29 19:42:36,036 - INFO - Epoch: 90, Train Acc: 30.11, Test Acc: 24.08, LR: 0.009000
2025-04-29 19:43:04,931 - INFO - Epoch: 91, Train Acc: 29.64, Test Acc: 24.98, LR: 0.009000
2025-04-29 19:43:33,594 - INFO - Epoch: 92, Train Acc: 29.60, Test Acc: 25.80, LR: 0.009000
2025-04-29 19:44:02,507 - INFO - Epoch: 93, Train Acc: 29.64, Test Acc: 26.18, LR: 0.009000
2025-04-29 19:44:30,982 - INFO - Epoch: 94, Train Acc: 30.52, Test Acc: 24.08, LR: 0.009000
2025-04-29 19:44:59,622 - INFO - Epoch: 95, Train Acc: 29.19, Test Acc: 24.16, LR: 0.009000
2025-04-29 19:45:28,448 - INFO - Epoch: 96, Train Acc: 29.15, Test Acc: 22.96, LR: 0.009000
2025-04-29 19:45:57,377 - INFO - Epoch: 97, Train Acc: 29.81, Test Acc: 20.42, LR: 0.009000
2025-04-29 19:46:26,269 - INFO - Epoch: 98, Train Acc: 29.45, Test Acc: 22.81, LR: 0.009000
2025-04-29 19:46:55,195 - INFO - Epoch: 99, Train Acc: 28.79, Test Acc: 22.89, LR: 0.009000
2025-04-29 19:47:24,176 - INFO - Epoch: 100, Train Acc: 29.98, Test Acc: 24.53, LR: 0.008100
2025-04-29 19:47:52,853 - INFO - Epoch: 101, Train Acc: 29.08, Test Acc: 22.81, LR: 0.008100
2025-04-29 19:48:21,756 - INFO - Epoch: 102, Train Acc: 29.79, Test Acc: 23.93, LR: 0.008100
2025-04-29 19:48:50,500 - INFO - Epoch: 103, Train Acc: 30.26, Test Acc: 24.76, LR: 0.008100
2025-04-29 19:49:19,409 - INFO - Epoch: 104, Train Acc: 29.98, Test Acc: 22.96, LR: 0.008100
2025-04-29 19:49:48,386 - INFO - Epoch: 105, Train Acc: 28.68, Test Acc: 22.21, LR: 0.008100
2025-04-29 19:50:17,450 - INFO - Epoch: 106, Train Acc: 28.49, Test Acc: 23.26, LR: 0.008100
2025-04-29 19:50:46,431 - INFO - Epoch: 107, Train Acc: 28.06, Test Acc: 21.24, LR: 0.008100
2025-04-29 19:51:15,318 - INFO - Epoch: 108, Train Acc: 27.22, Test Acc: 23.41, LR: 0.008100
2025-04-29 19:51:44,267 - INFO - Epoch: 109, Train Acc: 26.82, Test Acc: 22.66, LR: 0.008100
2025-04-29 19:52:13,224 - INFO - Epoch: 110, Train Acc: 29.28, Test Acc: 25.13, LR: 0.008100
2025-04-29 19:52:42,165 - INFO - Epoch: 111, Train Acc: 28.89, Test Acc: 25.28, LR: 0.008100
2025-04-29 19:53:11,105 - INFO - Epoch: 112, Train Acc: 29.60, Test Acc: 24.91, LR: 0.008100
2025-04-29 19:53:40,037 - INFO - Epoch: 113, Train Acc: 30.35, Test Acc: 25.73, LR: 0.008100
2025-04-29 19:54:09,037 - INFO - Epoch: 114, Train Acc: 29.70, Test Acc: 24.23, LR: 0.008100
2025-04-29 19:54:38,040 - INFO - Epoch: 115, Train Acc: 29.26, Test Acc: 23.11, LR: 0.008100
2025-04-29 19:55:07,009 - INFO - Epoch: 116, Train Acc: 29.73, Test Acc: 23.56, LR: 0.008100
2025-04-29 19:55:36,034 - INFO - Epoch: 117, Train Acc: 31.12, Test Acc: 25.36, LR: 0.008100
2025-04-29 19:56:05,050 - INFO - Epoch: 118, Train Acc: 31.42, Test Acc: 26.25, LR: 0.008100
2025-04-29 19:56:34,005 - INFO - Epoch: 119, Train Acc: 31.80, Test Acc: 27.08, LR: 0.008100
2025-04-29 19:57:02,953 - INFO - Epoch: 120, Train Acc: 32.63, Test Acc: 26.85, LR: 0.008100
2025-04-29 19:57:31,848 - INFO - Epoch: 121, Train Acc: 32.89, Test Acc: 29.69, LR: 0.008100
2025-04-29 19:58:00,747 - INFO - Epoch: 122, Train Acc: 31.27, Test Acc: 28.50, LR: 0.008100
2025-04-29 19:58:29,640 - INFO - Epoch: 123, Train Acc: 32.46, Test Acc: 27.08, LR: 0.008100
2025-04-29 19:58:58,316 - INFO - Epoch: 124, Train Acc: 32.85, Test Acc: 25.43, LR: 0.008100
2025-04-29 19:59:27,218 - INFO - Epoch: 125, Train Acc: 32.06, Test Acc: 27.37, LR: 0.008100
2025-04-29 19:59:56,131 - INFO - Epoch: 126, Train Acc: 32.01, Test Acc: 27.97, LR: 0.008100
2025-04-29 20:00:25,051 - INFO - Epoch: 127, Train Acc: 33.96, Test Acc: 28.50, LR: 0.008100
2025-04-29 20:00:53,958 - INFO - Epoch: 128, Train Acc: 30.73, Test Acc: 24.68, LR: 0.008100
2025-04-29 20:01:22,828 - INFO - Epoch: 129, Train Acc: 30.05, Test Acc: 26.10, LR: 0.008100
2025-04-29 20:01:51,775 - INFO - Epoch: 130, Train Acc: 31.76, Test Acc: 25.95, LR: 0.008100
2025-04-29 20:02:20,774 - INFO - Epoch: 131, Train Acc: 32.68, Test Acc: 25.65, LR: 0.008100
2025-04-29 20:02:49,737 - INFO - Epoch: 132, Train Acc: 32.53, Test Acc: 26.33, LR: 0.008100
2025-04-29 20:03:18,767 - INFO - Epoch: 133, Train Acc: 31.63, Test Acc: 27.75, LR: 0.008100
2025-04-29 20:03:47,684 - INFO - Epoch: 134, Train Acc: 31.20, Test Acc: 24.16, LR: 0.008100
2025-04-29 20:04:16,581 - INFO - Epoch: 135, Train Acc: 30.77, Test Acc: 26.03, LR: 0.008100
2025-04-29 20:04:45,483 - INFO - Epoch: 136, Train Acc: 30.11, Test Acc: 24.16, LR: 0.008100
2025-04-29 20:05:14,393 - INFO - Epoch: 137, Train Acc: 29.73, Test Acc: 24.76, LR: 0.008100
2025-04-29 20:05:43,316 - INFO - Epoch: 138, Train Acc: 30.58, Test Acc: 27.00, LR: 0.008100
2025-04-29 20:06:12,267 - INFO - Epoch: 139, Train Acc: 31.99, Test Acc: 26.10, LR: 0.008100
2025-04-29 20:06:41,169 - INFO - Epoch: 140, Train Acc: 31.31, Test Acc: 24.68, LR: 0.008100
2025-04-29 20:07:10,083 - INFO - Epoch: 141, Train Acc: 31.14, Test Acc: 27.23, LR: 0.008100
2025-04-29 20:07:39,100 - INFO - Epoch: 142, Train Acc: 29.75, Test Acc: 25.50, LR: 0.008100
2025-04-29 20:08:07,979 - INFO - Epoch: 143, Train Acc: 29.68, Test Acc: 24.31, LR: 0.008100
2025-04-29 20:08:36,889 - INFO - Epoch: 144, Train Acc: 29.41, Test Acc: 25.06, LR: 0.008100
2025-04-29 20:09:05,813 - INFO - Epoch: 145, Train Acc: 29.02, Test Acc: 25.21, LR: 0.008100
2025-04-29 20:09:34,746 - INFO - Epoch: 146, Train Acc: 28.83, Test Acc: 25.80, LR: 0.008100
2025-04-29 20:10:03,682 - INFO - Epoch: 147, Train Acc: 29.36, Test Acc: 25.58, LR: 0.008100
2025-04-29 20:10:32,338 - INFO - Epoch: 148, Train Acc: 29.73, Test Acc: 25.88, LR: 0.008100
2025-04-29 20:11:01,259 - INFO - Epoch: 149, Train Acc: 30.67, Test Acc: 25.36, LR: 0.008100
2025-04-29 20:11:30,224 - INFO - Epoch: 150, Train Acc: 29.47, Test Acc: 26.03, LR: 0.007290
2025-04-29 20:11:59,119 - INFO - Epoch: 151, Train Acc: 29.96, Test Acc: 25.50, LR: 0.007290
2025-04-29 20:12:28,058 - INFO - Epoch: 152, Train Acc: 31.07, Test Acc: 26.10, LR: 0.007290
2025-04-29 20:12:57,023 - INFO - Epoch: 153, Train Acc: 30.69, Test Acc: 23.49, LR: 0.007290
2025-04-29 20:13:25,998 - INFO - Epoch: 154, Train Acc: 30.92, Test Acc: 24.46, LR: 0.007290
2025-04-29 20:13:54,970 - INFO - Epoch: 155, Train Acc: 32.16, Test Acc: 25.13, LR: 0.007290
2025-04-29 20:14:23,981 - INFO - Epoch: 156, Train Acc: 32.36, Test Acc: 24.16, LR: 0.007290
2025-04-29 20:14:52,964 - INFO - Epoch: 157, Train Acc: 31.59, Test Acc: 25.36, LR: 0.007290
2025-04-29 20:15:21,976 - INFO - Epoch: 158, Train Acc: 32.14, Test Acc: 24.23, LR: 0.007290
2025-04-29 20:15:50,979 - INFO - Epoch: 159, Train Acc: 32.42, Test Acc: 26.48, LR: 0.007290
2025-04-29 20:16:19,977 - INFO - Epoch: 160, Train Acc: 31.93, Test Acc: 26.25, LR: 0.007290
2025-04-29 20:16:48,745 - INFO - Epoch: 161, Train Acc: 31.61, Test Acc: 27.45, LR: 0.007290
2025-04-29 20:17:17,749 - INFO - Epoch: 162, Train Acc: 33.58, Test Acc: 26.55, LR: 0.007290
2025-04-29 20:17:46,789 - INFO - Epoch: 163, Train Acc: 32.83, Test Acc: 28.57, LR: 0.007290
2025-04-29 20:18:15,743 - INFO - Epoch: 164, Train Acc: 33.70, Test Acc: 24.76, LR: 0.007290
2025-04-29 20:18:44,493 - INFO - Epoch: 165, Train Acc: 31.52, Test Acc: 26.55, LR: 0.007290
2025-04-29 20:19:13,464 - INFO - Epoch: 166, Train Acc: 33.23, Test Acc: 27.00, LR: 0.007290
2025-04-29 20:19:42,234 - INFO - Epoch: 167, Train Acc: 33.34, Test Acc: 26.85, LR: 0.007290
2025-04-29 20:20:11,695 - INFO - Epoch: 168, Train Acc: 32.51, Test Acc: 25.73, LR: 0.007290
2025-04-29 20:20:40,743 - INFO - Epoch: 169, Train Acc: 31.46, Test Acc: 27.37, LR: 0.007290
2025-04-29 20:21:09,695 - INFO - Epoch: 170, Train Acc: 31.50, Test Acc: 25.65, LR: 0.007290
2025-04-29 20:21:38,700 - INFO - Epoch: 171, Train Acc: 32.31, Test Acc: 24.46, LR: 0.007290
2025-04-29 20:22:07,691 - INFO - Epoch: 172, Train Acc: 32.91, Test Acc: 25.65, LR: 0.007290
2025-04-29 20:22:36,683 - INFO - Epoch: 173, Train Acc: 33.19, Test Acc: 26.25, LR: 0.007290
2025-04-29 20:23:05,663 - INFO - Epoch: 174, Train Acc: 33.15, Test Acc: 26.78, LR: 0.007290
2025-04-29 20:23:34,607 - INFO - Epoch: 175, Train Acc: 33.40, Test Acc: 26.55, LR: 0.007290
2025-04-29 20:24:04,207 - INFO - Epoch: 176, Train Acc: 33.19, Test Acc: 27.08, LR: 0.007290
2025-04-29 20:24:33,799 - INFO - Epoch: 177, Train Acc: 34.05, Test Acc: 26.78, LR: 0.007290
2025-04-29 20:25:02,923 - INFO - Epoch: 178, Train Acc: 34.26, Test Acc: 26.63, LR: 0.007290
2025-04-29 20:25:31,955 - INFO - Epoch: 179, Train Acc: 33.92, Test Acc: 27.15, LR: 0.007290
2025-04-29 20:26:52,765 - INFO - Retained old model
2025-04-29 20:32:54,095 - INFO - Epoch: 1, Train Acc: 8.17, Test Acc: 8.98, LR: 0.010000
2025-04-29 20:33:51,608 - INFO - Epoch: 2, Train Acc: 11.80, Test Acc: 10.77, LR: 0.010000
2025-04-29 20:34:49,131 - INFO - Epoch: 3, Train Acc: 12.72, Test Acc: 8.23, LR: 0.010000
2025-04-29 20:35:46,752 - INFO - Epoch: 4, Train Acc: 15.46, Test Acc: 12.19, LR: 0.010000
2025-04-29 20:36:44,259 - INFO - Epoch: 5, Train Acc: 15.76, Test Acc: 14.81, LR: 0.010000
2025-04-29 20:37:41,907 - INFO - Epoch: 6, Train Acc: 15.78, Test Acc: 17.13, LR: 0.010000
2025-04-29 20:38:39,797 - INFO - Epoch: 7, Train Acc: 15.29, Test Acc: 16.98, LR: 0.010000
2025-04-29 20:39:37,703 - INFO - Epoch: 8, Train Acc: 15.57, Test Acc: 16.60, LR: 0.010000
2025-04-29 20:40:35,352 - INFO - Epoch: 9, Train Acc: 16.64, Test Acc: 17.28, LR: 0.010000
2025-04-29 20:41:32,894 - INFO - Epoch: 10, Train Acc: 16.81, Test Acc: 16.08, LR: 0.010000
2025-04-29 20:42:30,604 - INFO - Epoch: 11, Train Acc: 18.31, Test Acc: 16.68, LR: 0.010000
2025-04-29 20:43:28,304 - INFO - Epoch: 12, Train Acc: 19.01, Test Acc: 14.06, LR: 0.010000
2025-04-29 20:44:25,747 - INFO - Epoch: 13, Train Acc: 18.43, Test Acc: 17.88, LR: 0.010000
2025-04-29 20:45:23,203 - INFO - Epoch: 14, Train Acc: 17.84, Test Acc: 16.08, LR: 0.010000
2025-04-29 20:46:20,764 - INFO - Epoch: 15, Train Acc: 17.28, Test Acc: 15.33, LR: 0.010000
2025-04-29 20:47:18,250 - INFO - Epoch: 16, Train Acc: 17.79, Test Acc: 10.47, LR: 0.010000
2025-04-29 20:48:15,867 - INFO - Epoch: 17, Train Acc: 16.47, Test Acc: 13.91, LR: 0.010000
2025-04-29 20:49:13,411 - INFO - Epoch: 18, Train Acc: 17.17, Test Acc: 16.98, LR: 0.010000
2025-04-29 20:50:10,935 - INFO - Epoch: 19, Train Acc: 19.33, Test Acc: 17.28, LR: 0.010000
2025-04-29 20:51:08,491 - INFO - Epoch: 20, Train Acc: 19.87, Test Acc: 18.62, LR: 0.010000
2025-04-29 20:52:06,001 - INFO - Epoch: 21, Train Acc: 20.15, Test Acc: 20.34, LR: 0.010000
2025-04-29 20:53:03,518 - INFO - Epoch: 22, Train Acc: 20.68, Test Acc: 18.03, LR: 0.010000
2025-04-29 20:54:00,962 - INFO - Epoch: 23, Train Acc: 20.64, Test Acc: 18.85, LR: 0.010000
2025-04-29 20:54:58,324 - INFO - Epoch: 24, Train Acc: 20.17, Test Acc: 16.83, LR: 0.010000
2025-04-29 20:55:55,815 - INFO - Epoch: 25, Train Acc: 20.25, Test Acc: 20.27, LR: 0.010000
2025-04-29 20:56:53,344 - INFO - Epoch: 26, Train Acc: 18.56, Test Acc: 15.48, LR: 0.010000
2025-04-29 20:57:50,731 - INFO - Epoch: 27, Train Acc: 19.97, Test Acc: 18.77, LR: 0.010000
2025-04-29 20:58:48,245 - INFO - Epoch: 28, Train Acc: 20.68, Test Acc: 18.85, LR: 0.010000
2025-04-29 20:59:45,804 - INFO - Epoch: 29, Train Acc: 19.59, Test Acc: 16.53, LR: 0.010000
2025-04-29 21:00:43,482 - INFO - Epoch: 30, Train Acc: 20.00, Test Acc: 17.43, LR: 0.010000
2025-04-29 21:01:41,212 - INFO - Epoch: 31, Train Acc: 20.68, Test Acc: 19.37, LR: 0.010000
2025-04-29 21:02:38,701 - INFO - Epoch: 32, Train Acc: 20.87, Test Acc: 20.64, LR: 0.010000
2025-04-29 21:03:36,435 - INFO - Epoch: 33, Train Acc: 20.59, Test Acc: 21.24, LR: 0.010000
2025-04-29 21:04:34,070 - INFO - Epoch: 34, Train Acc: 21.26, Test Acc: 20.04, LR: 0.010000
2025-04-29 21:05:31,786 - INFO - Epoch: 35, Train Acc: 19.70, Test Acc: 20.72, LR: 0.010000
2025-04-29 21:06:29,546 - INFO - Epoch: 36, Train Acc: 20.34, Test Acc: 20.27, LR: 0.010000
2025-04-29 21:07:27,156 - INFO - Epoch: 37, Train Acc: 20.72, Test Acc: 20.34, LR: 0.010000
2025-04-29 21:08:24,750 - INFO - Epoch: 38, Train Acc: 20.27, Test Acc: 17.28, LR: 0.010000
2025-04-29 21:09:22,318 - INFO - Epoch: 39, Train Acc: 19.29, Test Acc: 19.52, LR: 0.010000
2025-04-29 21:10:19,923 - INFO - Epoch: 40, Train Acc: 19.95, Test Acc: 18.18, LR: 0.001000
2025-04-29 21:11:17,615 - INFO - Epoch: 41, Train Acc: 21.66, Test Acc: 19.45, LR: 0.001000
2025-04-29 21:12:15,125 - INFO - Epoch: 42, Train Acc: 21.34, Test Acc: 17.43, LR: 0.001000
2025-04-29 21:13:12,592 - INFO - Epoch: 43, Train Acc: 22.11, Test Acc: 19.30, LR: 0.001000
2025-04-29 21:14:10,441 - INFO - Epoch: 44, Train Acc: 23.20, Test Acc: 19.90, LR: 0.001000
2025-04-29 21:15:08,151 - INFO - Epoch: 45, Train Acc: 23.35, Test Acc: 19.75, LR: 0.001000
2025-04-29 21:16:05,571 - INFO - Epoch: 46, Train Acc: 22.35, Test Acc: 21.24, LR: 0.001000
2025-04-29 21:17:03,087 - INFO - Epoch: 47, Train Acc: 23.44, Test Acc: 19.75, LR: 0.001000
2025-04-29 21:18:00,710 - INFO - Epoch: 48, Train Acc: 24.21, Test Acc: 19.37, LR: 0.001000
2025-04-29 21:18:58,459 - INFO - Epoch: 49, Train Acc: 23.89, Test Acc: 19.60, LR: 0.001000
2025-04-29 21:19:56,232 - INFO - Epoch: 50, Train Acc: 23.95, Test Acc: 21.24, LR: 0.001000
2025-04-29 21:20:54,308 - INFO - Epoch: 51, Train Acc: 23.80, Test Acc: 20.19, LR: 0.001000
2025-04-29 21:21:51,965 - INFO - Epoch: 52, Train Acc: 24.42, Test Acc: 20.42, LR: 0.001000
2025-04-29 21:22:49,813 - INFO - Epoch: 53, Train Acc: 23.10, Test Acc: 20.79, LR: 0.001000
2025-04-29 21:23:47,640 - INFO - Epoch: 54, Train Acc: 23.80, Test Acc: 22.29, LR: 0.001000
2025-04-29 21:24:45,548 - INFO - Epoch: 55, Train Acc: 25.04, Test Acc: 21.24, LR: 0.001000
2025-04-29 21:25:43,214 - INFO - Epoch: 56, Train Acc: 25.06, Test Acc: 20.72, LR: 0.001000
2025-04-29 21:26:41,025 - INFO - Epoch: 57, Train Acc: 25.19, Test Acc: 22.21, LR: 0.001000
2025-04-29 21:27:38,818 - INFO - Epoch: 58, Train Acc: 26.35, Test Acc: 22.36, LR: 0.001000
2025-04-29 21:28:36,455 - INFO - Epoch: 59, Train Acc: 25.17, Test Acc: 21.47, LR: 0.001000
2025-04-29 21:29:34,123 - INFO - Epoch: 60, Train Acc: 25.24, Test Acc: 21.99, LR: 0.001000
2025-04-29 21:30:31,818 - INFO - Epoch: 61, Train Acc: 24.59, Test Acc: 21.09, LR: 0.001000
2025-04-29 21:31:29,518 - INFO - Epoch: 62, Train Acc: 25.60, Test Acc: 22.06, LR: 0.001000
2025-04-29 21:32:27,160 - INFO - Epoch: 63, Train Acc: 26.41, Test Acc: 23.19, LR: 0.001000
2025-04-29 21:33:24,947 - INFO - Epoch: 64, Train Acc: 26.05, Test Acc: 21.77, LR: 0.001000
2025-04-29 21:34:22,631 - INFO - Epoch: 65, Train Acc: 26.95, Test Acc: 23.56, LR: 0.001000
2025-04-29 21:35:20,419 - INFO - Epoch: 66, Train Acc: 26.43, Test Acc: 23.34, LR: 0.001000
2025-04-29 21:36:17,899 - INFO - Epoch: 67, Train Acc: 27.01, Test Acc: 23.49, LR: 0.001000
2025-04-29 21:37:15,677 - INFO - Epoch: 68, Train Acc: 27.14, Test Acc: 23.19, LR: 0.001000
2025-04-29 21:38:13,266 - INFO - Epoch: 69, Train Acc: 27.54, Test Acc: 23.71, LR: 0.001000
2025-04-29 21:39:10,705 - INFO - Epoch: 70, Train Acc: 27.29, Test Acc: 24.61, LR: 0.001000
2025-04-29 21:40:08,163 - INFO - Epoch: 71, Train Acc: 27.95, Test Acc: 24.76, LR: 0.001000
2025-04-29 21:41:05,640 - INFO - Epoch: 72, Train Acc: 27.44, Test Acc: 23.93, LR: 0.001000
2025-04-29 21:42:03,089 - INFO - Epoch: 73, Train Acc: 27.52, Test Acc: 22.51, LR: 0.001000
2025-04-29 21:43:00,542 - INFO - Epoch: 74, Train Acc: 26.99, Test Acc: 25.06, LR: 0.001000
2025-04-29 21:43:57,965 - INFO - Epoch: 75, Train Acc: 28.40, Test Acc: 24.23, LR: 0.001000
2025-04-29 21:44:55,383 - INFO - Epoch: 76, Train Acc: 27.89, Test Acc: 23.41, LR: 0.001000
2025-04-29 21:45:52,953 - INFO - Epoch: 77, Train Acc: 28.25, Test Acc: 25.58, LR: 0.001000
2025-04-29 21:46:50,570 - INFO - Epoch: 78, Train Acc: 27.59, Test Acc: 25.50, LR: 0.001000
2025-04-29 21:47:47,989 - INFO - Epoch: 79, Train Acc: 27.72, Test Acc: 23.26, LR: 0.001000
2025-04-29 21:48:45,487 - INFO - Epoch: 80, Train Acc: 28.49, Test Acc: 23.86, LR: 0.000100
2025-04-29 21:49:42,937 - INFO - Epoch: 81, Train Acc: 27.89, Test Acc: 24.91, LR: 0.000100
2025-04-29 21:50:40,411 - INFO - Epoch: 82, Train Acc: 28.64, Test Acc: 24.76, LR: 0.000100
2025-04-29 21:51:38,002 - INFO - Epoch: 83, Train Acc: 27.67, Test Acc: 24.23, LR: 0.000100
2025-04-29 21:52:35,529 - INFO - Epoch: 84, Train Acc: 28.98, Test Acc: 24.76, LR: 0.000100
2025-04-29 21:53:32,981 - INFO - Epoch: 85, Train Acc: 28.96, Test Acc: 25.58, LR: 0.000100
2025-04-29 21:54:30,425 - INFO - Epoch: 86, Train Acc: 28.31, Test Acc: 24.38, LR: 0.000100
2025-04-29 21:55:27,908 - INFO - Epoch: 87, Train Acc: 28.81, Test Acc: 24.91, LR: 0.000100
2025-04-29 21:56:25,456 - INFO - Epoch: 88, Train Acc: 29.00, Test Acc: 23.93, LR: 0.000100
2025-04-29 21:57:22,967 - INFO - Epoch: 89, Train Acc: 28.25, Test Acc: 24.16, LR: 0.000100
2025-04-29 21:58:20,483 - INFO - Epoch: 90, Train Acc: 28.23, Test Acc: 25.50, LR: 0.000100
2025-04-29 21:59:18,053 - INFO - Epoch: 91, Train Acc: 28.06, Test Acc: 24.23, LR: 0.000100
2025-04-29 22:00:15,484 - INFO - Epoch: 92, Train Acc: 28.61, Test Acc: 24.83, LR: 0.000100
2025-04-29 22:01:12,968 - INFO - Epoch: 93, Train Acc: 27.99, Test Acc: 25.06, LR: 0.000100
2025-04-29 22:02:10,457 - INFO - Epoch: 94, Train Acc: 28.91, Test Acc: 23.78, LR: 0.000100
2025-04-29 22:03:07,948 - INFO - Epoch: 95, Train Acc: 27.59, Test Acc: 24.38, LR: 0.000100
2025-04-29 22:04:05,532 - INFO - Epoch: 96, Train Acc: 28.08, Test Acc: 24.16, LR: 0.000100
2025-04-29 22:05:03,038 - INFO - Epoch: 97, Train Acc: 28.96, Test Acc: 24.68, LR: 0.000100
2025-04-29 22:06:00,530 - INFO - Epoch: 98, Train Acc: 29.49, Test Acc: 26.03, LR: 0.000100
2025-04-29 22:06:58,002 - INFO - Epoch: 99, Train Acc: 29.00, Test Acc: 26.40, LR: 0.000100
2025-04-29 22:07:55,459 - INFO - Epoch: 100, Train Acc: 28.51, Test Acc: 24.91, LR: 0.000100
2025-04-29 22:08:52,994 - INFO - Epoch: 101, Train Acc: 29.47, Test Acc: 24.23, LR: 0.000100
2025-04-29 22:09:50,726 - INFO - Epoch: 102, Train Acc: 29.11, Test Acc: 26.03, LR: 0.000100
2025-04-29 22:10:48,170 - INFO - Epoch: 103, Train Acc: 28.96, Test Acc: 24.16, LR: 0.000100
2025-04-29 22:11:45,717 - INFO - Epoch: 104, Train Acc: 29.02, Test Acc: 24.31, LR: 0.000100
2025-04-29 22:12:43,212 - INFO - Epoch: 105, Train Acc: 29.45, Test Acc: 26.40, LR: 0.000100
2025-04-29 22:13:40,803 - INFO - Epoch: 106, Train Acc: 29.53, Test Acc: 24.08, LR: 0.000100
2025-04-29 22:14:38,358 - INFO - Epoch: 107, Train Acc: 28.91, Test Acc: 24.01, LR: 0.000100
2025-04-29 22:15:35,931 - INFO - Epoch: 108, Train Acc: 29.21, Test Acc: 25.65, LR: 0.000100
2025-04-29 22:16:33,420 - INFO - Epoch: 109, Train Acc: 28.83, Test Acc: 25.88, LR: 0.000100
2025-04-29 22:17:31,029 - INFO - Epoch: 110, Train Acc: 28.81, Test Acc: 26.33, LR: 0.000100
2025-04-29 22:18:28,616 - INFO - Epoch: 111, Train Acc: 29.60, Test Acc: 26.70, LR: 0.000100
2025-04-29 22:19:26,235 - INFO - Epoch: 112, Train Acc: 29.21, Test Acc: 25.95, LR: 0.000100
2025-04-29 22:20:23,741 - INFO - Epoch: 113, Train Acc: 29.00, Test Acc: 24.68, LR: 0.000100
2025-04-29 22:21:21,281 - INFO - Epoch: 114, Train Acc: 29.49, Test Acc: 25.43, LR: 0.000100
2025-04-29 22:22:18,803 - INFO - Epoch: 115, Train Acc: 28.04, Test Acc: 24.16, LR: 0.000100
2025-04-29 22:23:16,185 - INFO - Epoch: 116, Train Acc: 29.11, Test Acc: 25.28, LR: 0.000100
2025-04-29 22:24:13,640 - INFO - Epoch: 117, Train Acc: 29.13, Test Acc: 24.91, LR: 0.000100
2025-04-29 22:25:11,184 - INFO - Epoch: 118, Train Acc: 29.21, Test Acc: 24.68, LR: 0.000100
2025-04-29 22:26:08,717 - INFO - Epoch: 119, Train Acc: 29.17, Test Acc: 26.63, LR: 0.000100
2025-04-29 22:27:06,280 - INFO - Epoch: 120, Train Acc: 28.53, Test Acc: 25.06, LR: 0.000010
2025-04-29 22:28:03,862 - INFO - Epoch: 121, Train Acc: 29.04, Test Acc: 26.18, LR: 0.000010
2025-04-29 22:29:01,403 - INFO - Epoch: 122, Train Acc: 29.06, Test Acc: 25.13, LR: 0.000010
2025-04-29 22:29:59,029 - INFO - Epoch: 123, Train Acc: 28.10, Test Acc: 25.80, LR: 0.000010
2025-04-29 22:30:56,659 - INFO - Epoch: 124, Train Acc: 29.28, Test Acc: 25.06, LR: 0.000010
2025-04-29 22:31:54,174 - INFO - Epoch: 125, Train Acc: 30.11, Test Acc: 24.76, LR: 0.000010
2025-04-29 22:32:51,743 - INFO - Epoch: 126, Train Acc: 28.57, Test Acc: 24.38, LR: 0.000010
2025-04-29 22:33:49,340 - INFO - Epoch: 127, Train Acc: 29.66, Test Acc: 25.06, LR: 0.000010
2025-04-29 22:34:47,022 - INFO - Epoch: 128, Train Acc: 29.73, Test Acc: 24.23, LR: 0.000010
2025-04-29 22:35:45,275 - INFO - Epoch: 129, Train Acc: 28.64, Test Acc: 23.86, LR: 0.000010
2025-04-29 22:36:42,831 - INFO - Epoch: 130, Train Acc: 29.36, Test Acc: 25.21, LR: 0.000010
2025-04-29 22:37:40,476 - INFO - Epoch: 131, Train Acc: 29.04, Test Acc: 23.41, LR: 0.000010
2025-04-29 22:38:38,135 - INFO - Epoch: 132, Train Acc: 28.87, Test Acc: 24.46, LR: 0.000010
2025-04-29 22:39:35,723 - INFO - Epoch: 133, Train Acc: 28.59, Test Acc: 25.88, LR: 0.000010
2025-04-29 22:40:33,262 - INFO - Epoch: 134, Train Acc: 29.13, Test Acc: 25.65, LR: 0.000010
2025-04-29 22:41:30,786 - INFO - Epoch: 135, Train Acc: 30.82, Test Acc: 24.76, LR: 0.000010
2025-04-29 22:42:28,367 - INFO - Epoch: 136, Train Acc: 28.57, Test Acc: 25.13, LR: 0.000010
2025-04-29 22:43:25,625 - INFO - Epoch: 137, Train Acc: 29.68, Test Acc: 26.48, LR: 0.000010
2025-04-29 22:44:23,073 - INFO - Epoch: 138, Train Acc: 29.45, Test Acc: 25.80, LR: 0.000010
2025-04-29 22:45:20,544 - INFO - Epoch: 139, Train Acc: 29.26, Test Acc: 24.31, LR: 0.000010
2025-04-29 22:46:18,059 - INFO - Epoch: 140, Train Acc: 29.83, Test Acc: 24.38, LR: 0.000010
2025-04-29 22:47:15,494 - INFO - Epoch: 141, Train Acc: 29.83, Test Acc: 25.43, LR: 0.000010
2025-04-29 22:48:12,973 - INFO - Epoch: 142, Train Acc: 29.45, Test Acc: 25.06, LR: 0.000010
2025-04-29 22:49:10,360 - INFO - Epoch: 143, Train Acc: 29.45, Test Acc: 25.95, LR: 0.000010
2025-04-29 22:50:07,715 - INFO - Epoch: 144, Train Acc: 29.21, Test Acc: 25.06, LR: 0.000010
2025-04-29 22:51:05,146 - INFO - Epoch: 145, Train Acc: 28.12, Test Acc: 23.86, LR: 0.000010
2025-04-29 22:52:02,548 - INFO - Epoch: 146, Train Acc: 29.13, Test Acc: 24.61, LR: 0.000010
2025-04-29 22:52:59,980 - INFO - Epoch: 147, Train Acc: 29.73, Test Acc: 25.21, LR: 0.000010
2025-04-29 22:53:57,585 - INFO - Epoch: 148, Train Acc: 29.66, Test Acc: 25.95, LR: 0.000010
2025-04-29 22:54:54,899 - INFO - Epoch: 149, Train Acc: 29.04, Test Acc: 23.78, LR: 0.000010
2025-04-29 22:55:52,365 - INFO - Epoch: 150, Train Acc: 29.62, Test Acc: 25.58, LR: 0.000010
2025-04-29 22:56:49,791 - INFO - Epoch: 151, Train Acc: 30.45, Test Acc: 24.91, LR: 0.000010
2025-04-29 22:57:47,291 - INFO - Epoch: 152, Train Acc: 29.53, Test Acc: 23.34, LR: 0.000010
2025-04-29 22:58:44,788 - INFO - Epoch: 153, Train Acc: 29.85, Test Acc: 25.36, LR: 0.000010
2025-04-29 22:59:42,238 - INFO - Epoch: 154, Train Acc: 29.60, Test Acc: 25.58, LR: 0.000010
2025-04-29 23:00:39,530 - INFO - Epoch: 155, Train Acc: 28.46, Test Acc: 25.80, LR: 0.000010
2025-04-29 23:01:37,075 - INFO - Epoch: 156, Train Acc: 29.79, Test Acc: 24.08, LR: 0.000010
2025-04-29 23:02:34,662 - INFO - Epoch: 157, Train Acc: 29.58, Test Acc: 24.91, LR: 0.000010
2025-04-29 23:03:49,626 - INFO - Retained old model
2025-04-29 23:09:24,511 - INFO - Epoch: 1, Train Acc: 3.19, Test Acc: 3.74, LR: 10.000000
2025-04-29 23:10:21,376 - INFO - Epoch: 2, Train Acc: 3.34, Test Acc: 3.74, LR: 10.000000
2025-04-29 23:11:18,137 - INFO - Epoch: 3, Train Acc: 2.40, Test Acc: 2.62, LR: 10.000000
2025-04-29 23:12:15,029 - INFO - Epoch: 4, Train Acc: 3.72, Test Acc: 2.92, LR: 10.000000
2025-04-29 23:13:05,066 - INFO - Retained old model
2025-04-29 23:18:05,066 - INFO - Retained old model
2025-04-29 23:26:13,062 - INFO - Retained old model
2025-04-29 23:32:16,913 - INFO - Epoch: 1, Train Acc: 2.76, Test Acc: 2.77, LR: 10.000000
2025-04-29 23:33:44,284 - INFO - Epoch: 2, Train Acc: 2.57, Test Acc: 2.24, LR: 10.000000
2025-04-29 23:35:11,639 - INFO - Epoch: 3, Train Acc: 2.93, Test Acc: 2.02, LR: 10.000000
2025-04-29 23:36:54,776 - INFO - Retained old model
2025-04-29 23:43:00,105 - INFO - Epoch: 1, Train Acc: 2.40, Test Acc: 2.09, LR: 0.100000
2025-04-29 23:44:28,061 - INFO - Epoch: 2, Train Acc: 2.12, Test Acc: 1.94, LR: 0.100000
2025-04-29 23:45:55,755 - INFO - Epoch: 3, Train Acc: 2.12, Test Acc: 1.94, LR: 0.100000
2025-04-29 23:47:24,107 - INFO - Epoch: 4, Train Acc: 2.10, Test Acc: 1.27, LR: 0.100000
2025-04-29 23:48:51,029 - INFO - Epoch: 5, Train Acc: 2.54, Test Acc: 2.02, LR: 0.100000
2025-04-29 23:51:30,560 - INFO - Retained old model
2025-04-29 23:57:03,998 - INFO - Epoch: 1, Train Acc: 3.76, Test Acc: 3.81, LR: 0.000100
2025-04-29 23:58:01,230 - INFO - Epoch: 2, Train Acc: 9.99, Test Acc: 13.61, LR: 0.000100
2025-04-29 23:58:58,469 - INFO - Epoch: 3, Train Acc: 15.65, Test Acc: 14.81, LR: 0.000100
2025-04-29 23:59:55,766 - INFO - Epoch: 4, Train Acc: 19.08, Test Acc: 20.57, LR: 0.000100
2025-04-30 00:00:53,108 - INFO - Epoch: 5, Train Acc: 22.52, Test Acc: 20.72, LR: 0.000100
2025-04-30 00:01:50,319 - INFO - Epoch: 6, Train Acc: 25.04, Test Acc: 25.28, LR: 0.000100
2025-04-30 00:02:47,567 - INFO - Epoch: 7, Train Acc: 27.18, Test Acc: 25.28, LR: 0.000100
2025-04-30 00:03:44,699 - INFO - Epoch: 8, Train Acc: 29.51, Test Acc: 26.03, LR: 0.000100
2025-04-30 00:04:41,888 - INFO - Epoch: 9, Train Acc: 30.41, Test Acc: 28.57, LR: 0.000100
2025-04-30 00:05:39,051 - INFO - Epoch: 10, Train Acc: 33.43, Test Acc: 29.92, LR: 0.000100
2025-04-30 00:06:36,428 - INFO - Epoch: 11, Train Acc: 35.12, Test Acc: 30.67, LR: 0.000100
2025-04-30 00:07:33,704 - INFO - Epoch: 12, Train Acc: 36.93, Test Acc: 32.98, LR: 0.000100
2025-04-30 00:08:30,991 - INFO - Epoch: 13, Train Acc: 38.22, Test Acc: 35.38, LR: 0.000100
2025-04-30 00:09:28,286 - INFO - Epoch: 14, Train Acc: 40.48, Test Acc: 35.15, LR: 0.000100
2025-04-30 00:10:25,713 - INFO - Epoch: 15, Train Acc: 42.71, Test Acc: 36.20, LR: 0.000100
2025-04-30 00:11:23,049 - INFO - Epoch: 16, Train Acc: 43.65, Test Acc: 37.85, LR: 0.000100
2025-04-30 00:12:20,482 - INFO - Epoch: 17, Train Acc: 45.83, Test Acc: 40.24, LR: 0.000100
2025-04-30 00:13:17,677 - INFO - Epoch: 18, Train Acc: 45.83, Test Acc: 38.67, LR: 0.000100
2025-04-30 00:14:14,881 - INFO - Epoch: 19, Train Acc: 48.37, Test Acc: 40.39, LR: 0.000100
2025-04-30 00:15:12,161 - INFO - Epoch: 20, Train Acc: 49.38, Test Acc: 40.84, LR: 0.000100
2025-04-30 00:16:09,412 - INFO - Epoch: 21, Train Acc: 50.96, Test Acc: 44.28, LR: 0.000100
2025-04-30 00:17:06,692 - INFO - Epoch: 22, Train Acc: 52.50, Test Acc: 44.80, LR: 0.000100
2025-04-30 00:18:03,954 - INFO - Epoch: 23, Train Acc: 53.21, Test Acc: 44.88, LR: 0.000100
2025-04-30 00:19:01,209 - INFO - Epoch: 24, Train Acc: 55.47, Test Acc: 46.97, LR: 0.000100
2025-04-30 00:19:58,510 - INFO - Epoch: 25, Train Acc: 55.62, Test Acc: 47.94, LR: 0.000100
2025-04-30 00:20:55,828 - INFO - Epoch: 26, Train Acc: 57.63, Test Acc: 49.66, LR: 0.000100
2025-04-30 00:21:53,179 - INFO - Epoch: 27, Train Acc: 58.88, Test Acc: 50.26, LR: 0.000100
2025-04-30 00:22:50,466 - INFO - Epoch: 28, Train Acc: 59.07, Test Acc: 49.51, LR: 0.000100
2025-04-30 00:23:47,672 - INFO - Epoch: 29, Train Acc: 61.53, Test Acc: 50.49, LR: 0.000100
2025-04-30 00:24:44,958 - INFO - Epoch: 30, Train Acc: 61.23, Test Acc: 52.51, LR: 0.000100
2025-04-30 00:25:42,268 - INFO - Epoch: 31, Train Acc: 63.07, Test Acc: 52.88, LR: 0.000100
2025-04-30 00:26:39,614 - INFO - Epoch: 32, Train Acc: 63.67, Test Acc: 54.45, LR: 0.000100
2025-04-30 00:27:36,937 - INFO - Epoch: 33, Train Acc: 65.01, Test Acc: 54.30, LR: 0.000100
2025-04-30 00:28:34,363 - INFO - Epoch: 34, Train Acc: 65.36, Test Acc: 56.02, LR: 0.000100
2025-04-30 00:29:31,716 - INFO - Epoch: 35, Train Acc: 66.51, Test Acc: 56.47, LR: 0.000100
2025-04-30 00:30:29,004 - INFO - Epoch: 36, Train Acc: 67.04, Test Acc: 55.80, LR: 0.000100
2025-04-30 00:31:26,088 - INFO - Epoch: 37, Train Acc: 67.28, Test Acc: 58.64, LR: 0.000100
2025-04-30 00:32:23,272 - INFO - Epoch: 38, Train Acc: 68.61, Test Acc: 58.34, LR: 0.000100
2025-04-30 00:33:20,672 - INFO - Epoch: 39, Train Acc: 69.20, Test Acc: 59.16, LR: 0.000100
2025-04-30 00:34:18,030 - INFO - Epoch: 40, Train Acc: 70.02, Test Acc: 58.86, LR: 0.000100
2025-04-30 00:35:15,495 - INFO - Epoch: 41, Train Acc: 70.98, Test Acc: 60.21, LR: 0.000100
2025-04-30 00:36:12,868 - INFO - Epoch: 42, Train Acc: 71.47, Test Acc: 61.48, LR: 0.000100
2025-04-30 00:37:10,140 - INFO - Epoch: 43, Train Acc: 73.08, Test Acc: 62.38, LR: 0.000100
2025-04-30 00:38:07,509 - INFO - Epoch: 44, Train Acc: 73.01, Test Acc: 61.26, LR: 0.000100
2025-04-30 00:39:04,825 - INFO - Epoch: 45, Train Acc: 72.93, Test Acc: 61.71, LR: 0.000100
2025-04-30 00:40:02,295 - INFO - Epoch: 46, Train Acc: 73.99, Test Acc: 61.63, LR: 0.000100
2025-04-30 00:40:59,678 - INFO - Epoch: 47, Train Acc: 74.91, Test Acc: 64.47, LR: 0.000100
2025-04-30 00:41:57,126 - INFO - Epoch: 48, Train Acc: 75.21, Test Acc: 62.53, LR: 0.000100
2025-04-30 16:14:15,871 - INFO - Retained old model
2025-04-30 16:19:50,971 - INFO - Epoch: 1, Train Acc: 3.23, Test Acc: 3.07, LR: 0.000100
2025-04-30 16:20:30,258 - INFO - Epoch: 2, Train Acc: 7.49, Test Acc: 11.14, LR: 0.000100
2025-04-30 16:21:09,518 - INFO - Epoch: 3, Train Acc: 12.04, Test Acc: 13.46, LR: 0.000100
2025-04-30 16:21:48,771 - INFO - Epoch: 4, Train Acc: 15.91, Test Acc: 18.03, LR: 0.000100
2025-04-30 16:22:27,967 - INFO - Epoch: 5, Train Acc: 18.93, Test Acc: 17.88, LR: 0.000100
2025-04-30 16:23:07,226 - INFO - Epoch: 6, Train Acc: 21.54, Test Acc: 21.09, LR: 0.000100
2025-04-30 16:23:46,438 - INFO - Epoch: 7, Train Acc: 24.70, Test Acc: 23.71, LR: 0.000100
2025-04-30 16:24:25,731 - INFO - Epoch: 8, Train Acc: 26.71, Test Acc: 24.68, LR: 0.000100
2025-04-30 16:25:04,951 - INFO - Epoch: 9, Train Acc: 28.46, Test Acc: 25.88, LR: 0.000100
2025-04-30 16:25:44,229 - INFO - Epoch: 10, Train Acc: 29.94, Test Acc: 28.05, LR: 0.000100
2025-04-30 16:26:23,425 - INFO - Epoch: 11, Train Acc: 31.76, Test Acc: 27.37, LR: 0.000100
2025-04-30 16:27:02,730 - INFO - Epoch: 12, Train Acc: 33.60, Test Acc: 28.95, LR: 0.000100
2025-04-30 16:27:41,994 - INFO - Epoch: 13, Train Acc: 33.96, Test Acc: 30.22, LR: 0.000100
2025-04-30 16:28:21,224 - INFO - Epoch: 14, Train Acc: 36.44, Test Acc: 32.24, LR: 0.000100
2025-04-30 16:29:00,493 - INFO - Epoch: 15, Train Acc: 38.11, Test Acc: 34.78, LR: 0.000100
2025-04-30 16:29:39,780 - INFO - Epoch: 16, Train Acc: 39.93, Test Acc: 35.30, LR: 0.000100
2025-04-30 16:30:19,057 - INFO - Epoch: 17, Train Acc: 41.51, Test Acc: 36.57, LR: 0.000100
2025-04-30 16:30:58,339 - INFO - Epoch: 18, Train Acc: 43.50, Test Acc: 36.28, LR: 0.000100
2025-04-30 16:31:37,579 - INFO - Epoch: 19, Train Acc: 45.38, Test Acc: 38.15, LR: 0.000100
2025-04-30 16:32:16,887 - INFO - Epoch: 20, Train Acc: 45.49, Test Acc: 39.12, LR: 0.000100
2025-04-30 16:32:56,196 - INFO - Epoch: 21, Train Acc: 46.73, Test Acc: 40.69, LR: 0.000100
2025-04-30 16:33:35,466 - INFO - Epoch: 22, Train Acc: 47.43, Test Acc: 40.84, LR: 0.000100
2025-04-30 16:34:14,735 - INFO - Epoch: 23, Train Acc: 48.95, Test Acc: 42.48, LR: 0.000100
2025-04-30 16:34:54,009 - INFO - Epoch: 24, Train Acc: 50.47, Test Acc: 42.33, LR: 0.000100
2025-04-30 16:35:33,267 - INFO - Epoch: 25, Train Acc: 51.58, Test Acc: 44.73, LR: 0.000100
2025-04-30 16:36:12,508 - INFO - Epoch: 26, Train Acc: 52.16, Test Acc: 44.73, LR: 0.000100
2025-04-30 16:36:51,820 - INFO - Epoch: 27, Train Acc: 53.29, Test Acc: 45.03, LR: 0.000100
2025-04-30 16:37:31,039 - INFO - Epoch: 28, Train Acc: 54.36, Test Acc: 47.34, LR: 0.000100
2025-04-30 16:38:10,331 - INFO - Epoch: 29, Train Acc: 54.21, Test Acc: 47.87, LR: 0.000100
2025-04-30 16:38:49,540 - INFO - Epoch: 30, Train Acc: 55.82, Test Acc: 48.47, LR: 0.000100
2025-04-30 16:39:28,835 - INFO - Epoch: 31, Train Acc: 57.44, Test Acc: 48.92, LR: 0.000100
2025-04-30 16:40:08,121 - INFO - Epoch: 32, Train Acc: 57.36, Test Acc: 50.26, LR: 0.000100
2025-04-30 16:40:47,375 - INFO - Epoch: 33, Train Acc: 57.59, Test Acc: 49.74, LR: 0.000100
2025-04-30 16:41:26,576 - INFO - Epoch: 34, Train Acc: 59.30, Test Acc: 50.71, LR: 0.000100
2025-04-30 16:42:05,831 - INFO - Epoch: 35, Train Acc: 61.25, Test Acc: 50.26, LR: 0.000100
2025-04-30 16:42:45,067 - INFO - Epoch: 36, Train Acc: 61.21, Test Acc: 51.53, LR: 0.000100
2025-04-30 16:43:24,434 - INFO - Epoch: 37, Train Acc: 61.53, Test Acc: 52.51, LR: 0.000100
2025-04-30 16:44:03,660 - INFO - Epoch: 38, Train Acc: 63.47, Test Acc: 53.70, LR: 0.000100
2025-04-30 16:44:42,897 - INFO - Epoch: 39, Train Acc: 63.90, Test Acc: 54.53, LR: 0.000100
2025-04-30 16:45:22,210 - INFO - Epoch: 40, Train Acc: 64.44, Test Acc: 55.35, LR: 0.000100
2025-04-30 16:46:01,420 - INFO - Epoch: 41, Train Acc: 65.83, Test Acc: 56.99, LR: 0.000100
2025-04-30 16:46:40,689 - INFO - Epoch: 42, Train Acc: 66.06, Test Acc: 55.87, LR: 0.000100
2025-04-30 16:47:20,090 - INFO - Epoch: 43, Train Acc: 66.89, Test Acc: 56.25, LR: 0.000100
2025-04-30 16:47:59,283 - INFO - Epoch: 44, Train Acc: 68.18, Test Acc: 57.44, LR: 0.000100
2025-04-30 16:48:38,621 - INFO - Epoch: 45, Train Acc: 68.65, Test Acc: 55.65, LR: 0.000100
2025-04-30 16:49:17,909 - INFO - Epoch: 46, Train Acc: 68.33, Test Acc: 58.19, LR: 0.000100
2025-04-30 16:49:57,154 - INFO - Epoch: 47, Train Acc: 69.55, Test Acc: 58.34, LR: 0.000100
2025-04-30 16:50:36,428 - INFO - Epoch: 48, Train Acc: 70.00, Test Acc: 59.09, LR: 0.000100
2025-04-30 16:51:15,713 - INFO - Epoch: 49, Train Acc: 71.36, Test Acc: 59.91, LR: 0.000100
2025-04-30 16:51:54,950 - INFO - Epoch: 50, Train Acc: 70.87, Test Acc: 60.43, LR: 0.000100
2025-04-30 16:52:34,265 - INFO - Epoch: 51, Train Acc: 71.96, Test Acc: 60.58, LR: 0.000100
2025-04-30 16:53:13,540 - INFO - Epoch: 52, Train Acc: 71.98, Test Acc: 61.33, LR: 0.000100
2025-04-30 16:53:52,803 - INFO - Epoch: 53, Train Acc: 73.27, Test Acc: 61.18, LR: 0.000100
2025-04-30 16:54:32,076 - INFO - Epoch: 54, Train Acc: 73.78, Test Acc: 61.03, LR: 0.000100
2025-04-30 16:55:11,523 - INFO - Epoch: 55, Train Acc: 74.68, Test Acc: 62.53, LR: 0.000100
2025-04-30 16:55:51,189 - INFO - Epoch: 56, Train Acc: 74.42, Test Acc: 62.30, LR: 0.000100
2025-04-30 16:56:30,752 - INFO - Epoch: 57, Train Acc: 74.91, Test Acc: 63.05, LR: 0.000100
2025-04-30 16:57:10,475 - INFO - Epoch: 58, Train Acc: 75.21, Test Acc: 63.65, LR: 0.000100
2025-04-30 16:57:49,760 - INFO - Epoch: 59, Train Acc: 75.79, Test Acc: 64.62, LR: 0.000100
2025-04-30 16:58:29,124 - INFO - Epoch: 60, Train Acc: 76.90, Test Acc: 64.70, LR: 0.000100
2025-04-30 16:59:08,449 - INFO - Epoch: 61, Train Acc: 76.03, Test Acc: 65.15, LR: 0.000100
2025-04-30 16:59:47,741 - INFO - Epoch: 62, Train Acc: 77.20, Test Acc: 66.27, LR: 0.000100
2025-04-30 17:00:27,073 - INFO - Epoch: 63, Train Acc: 76.86, Test Acc: 65.37, LR: 0.000100
2025-04-30 17:01:06,365 - INFO - Epoch: 64, Train Acc: 78.08, Test Acc: 67.17, LR: 0.000100
2025-04-30 17:01:45,685 - INFO - Epoch: 65, Train Acc: 78.31, Test Acc: 66.64, LR: 0.000100
2025-04-30 17:02:24,979 - INFO - Epoch: 66, Train Acc: 79.26, Test Acc: 66.79, LR: 0.000100
2025-04-30 17:03:04,320 - INFO - Epoch: 67, Train Acc: 79.00, Test Acc: 68.36, LR: 0.000100
2025-04-30 17:03:43,590 - INFO - Epoch: 68, Train Acc: 79.41, Test Acc: 68.51, LR: 0.000100
2025-04-30 17:04:22,916 - INFO - Epoch: 69, Train Acc: 80.45, Test Acc: 68.59, LR: 0.000100
2025-04-30 17:05:02,232 - INFO - Epoch: 70, Train Acc: 80.75, Test Acc: 68.06, LR: 0.000100
2025-04-30 17:05:41,561 - INFO - Epoch: 71, Train Acc: 81.57, Test Acc: 67.54, LR: 0.000100
2025-04-30 17:06:20,908 - INFO - Epoch: 72, Train Acc: 81.46, Test Acc: 68.29, LR: 0.000100
2025-04-30 17:07:00,200 - INFO - Epoch: 73, Train Acc: 81.01, Test Acc: 69.41, LR: 0.000100
2025-04-30 17:07:39,534 - INFO - Epoch: 74, Train Acc: 82.51, Test Acc: 70.31, LR: 0.000100
2025-04-30 17:08:18,856 - INFO - Epoch: 75, Train Acc: 81.95, Test Acc: 71.50, LR: 0.000100
2025-04-30 17:08:58,155 - INFO - Epoch: 76, Train Acc: 82.01, Test Acc: 69.71, LR: 0.000100
2025-04-30 17:09:37,500 - INFO - Epoch: 77, Train Acc: 83.40, Test Acc: 70.83, LR: 0.000100
2025-04-30 17:10:16,815 - INFO - Epoch: 78, Train Acc: 83.38, Test Acc: 70.16, LR: 0.000100
2025-04-30 17:10:56,129 - INFO - Epoch: 79, Train Acc: 83.94, Test Acc: 70.91, LR: 0.000100
2025-04-30 17:11:36,274 - INFO - Epoch: 80, Train Acc: 84.13, Test Acc: 71.65, LR: 0.000100
2025-04-30 17:12:15,531 - INFO - Epoch: 81, Train Acc: 83.60, Test Acc: 71.50, LR: 0.000100
2025-04-30 17:12:54,833 - INFO - Epoch: 82, Train Acc: 84.37, Test Acc: 72.10, LR: 0.000100
2025-04-30 17:13:34,115 - INFO - Epoch: 83, Train Acc: 84.97, Test Acc: 72.85, LR: 0.000100
2025-04-30 17:14:13,386 - INFO - Epoch: 84, Train Acc: 85.20, Test Acc: 72.40, LR: 0.000100
2025-04-30 17:14:52,636 - INFO - Epoch: 85, Train Acc: 86.01, Test Acc: 73.37, LR: 0.000100
2025-04-30 17:15:32,027 - INFO - Epoch: 86, Train Acc: 85.59, Test Acc: 74.72, LR: 0.000100
2025-04-30 17:16:11,335 - INFO - Epoch: 87, Train Acc: 86.21, Test Acc: 74.27, LR: 0.000100
2025-04-30 17:16:50,666 - INFO - Epoch: 88, Train Acc: 85.63, Test Acc: 74.57, LR: 0.000100
2025-04-30 17:17:30,003 - INFO - Epoch: 89, Train Acc: 85.97, Test Acc: 75.69, LR: 0.000100
2025-04-30 17:18:09,305 - INFO - Epoch: 90, Train Acc: 86.76, Test Acc: 73.30, LR: 0.000100
2025-04-30 17:18:48,572 - INFO - Epoch: 91, Train Acc: 86.40, Test Acc: 72.70, LR: 0.000100
2025-04-30 17:19:27,891 - INFO - Epoch: 92, Train Acc: 86.57, Test Acc: 73.97, LR: 0.000100
2025-04-30 17:20:07,611 - INFO - Epoch: 93, Train Acc: 87.21, Test Acc: 74.57, LR: 0.000100
2025-04-30 17:20:47,014 - INFO - Epoch: 94, Train Acc: 87.49, Test Acc: 75.24, LR: 0.000100
2025-04-30 17:21:26,390 - INFO - Epoch: 95, Train Acc: 87.83, Test Acc: 75.39, LR: 0.000100
2025-04-30 17:22:05,766 - INFO - Epoch: 96, Train Acc: 88.84, Test Acc: 74.87, LR: 0.000100
2025-04-30 17:22:45,124 - INFO - Epoch: 97, Train Acc: 88.32, Test Acc: 75.69, LR: 0.000100
2025-04-30 17:23:24,518 - INFO - Epoch: 98, Train Acc: 88.39, Test Acc: 75.54, LR: 0.000100
2025-04-30 17:24:03,852 - INFO - Epoch: 99, Train Acc: 88.71, Test Acc: 75.92, LR: 0.000100
2025-04-30 17:24:43,240 - INFO - Epoch: 100, Train Acc: 89.03, Test Acc: 76.59, LR: 0.000100
2025-04-30 17:25:22,666 - INFO - Epoch: 101, Train Acc: 89.46, Test Acc: 75.92, LR: 0.000100
2025-04-30 17:26:01,981 - INFO - Epoch: 102, Train Acc: 89.33, Test Acc: 76.07, LR: 0.000100
2025-04-30 17:26:41,390 - INFO - Epoch: 103, Train Acc: 89.35, Test Acc: 74.94, LR: 0.000100
2025-04-30 17:27:20,769 - INFO - Epoch: 104, Train Acc: 89.39, Test Acc: 76.66, LR: 0.000100
2025-04-30 17:28:00,094 - INFO - Epoch: 105, Train Acc: 90.80, Test Acc: 76.36, LR: 0.000100
2025-04-30 17:28:39,484 - INFO - Epoch: 106, Train Acc: 89.76, Test Acc: 77.34, LR: 0.000100
2025-04-30 17:29:18,824 - INFO - Epoch: 107, Train Acc: 90.50, Test Acc: 76.14, LR: 0.000100
2025-04-30 17:29:58,166 - INFO - Epoch: 108, Train Acc: 90.40, Test Acc: 76.74, LR: 0.000100
2025-04-30 17:30:37,499 - INFO - Epoch: 109, Train Acc: 91.08, Test Acc: 77.04, LR: 0.000100
2025-04-30 17:31:16,908 - INFO - Epoch: 110, Train Acc: 90.61, Test Acc: 77.64, LR: 0.000100
2025-04-30 17:31:56,235 - INFO - Epoch: 111, Train Acc: 91.08, Test Acc: 77.79, LR: 0.000100
2025-04-30 17:32:35,641 - INFO - Epoch: 112, Train Acc: 91.94, Test Acc: 78.23, LR: 0.000100
2025-04-30 17:33:15,987 - INFO - Epoch: 113, Train Acc: 90.70, Test Acc: 77.64, LR: 0.000100
2025-04-30 17:33:55,335 - INFO - Epoch: 114, Train Acc: 91.32, Test Acc: 77.71, LR: 0.000100
2025-04-30 17:34:34,716 - INFO - Epoch: 115, Train Acc: 91.89, Test Acc: 79.28, LR: 0.000100
2025-04-30 17:35:14,135 - INFO - Epoch: 116, Train Acc: 92.11, Test Acc: 78.61, LR: 0.000100
2025-04-30 17:35:53,540 - INFO - Epoch: 117, Train Acc: 92.07, Test Acc: 77.41, LR: 0.000100
2025-04-30 17:36:33,001 - INFO - Epoch: 118, Train Acc: 92.49, Test Acc: 79.28, LR: 0.000100
2025-04-30 17:37:12,426 - INFO - Epoch: 119, Train Acc: 92.66, Test Acc: 79.88, LR: 0.000100
2025-04-30 17:37:51,819 - INFO - Epoch: 120, Train Acc: 92.79, Test Acc: 77.49, LR: 0.000100
2025-04-30 17:38:31,181 - INFO - Epoch: 121, Train Acc: 92.60, Test Acc: 78.83, LR: 0.000100
2025-04-30 17:39:10,588 - INFO - Epoch: 122, Train Acc: 92.90, Test Acc: 79.81, LR: 0.000100
2025-04-30 17:39:49,960 - INFO - Epoch: 123, Train Acc: 92.71, Test Acc: 78.83, LR: 0.000100
2025-04-30 17:40:29,407 - INFO - Epoch: 124, Train Acc: 92.92, Test Acc: 78.46, LR: 0.000100
2025-04-30 17:41:08,903 - INFO - Epoch: 125, Train Acc: 92.84, Test Acc: 79.88, LR: 0.000100
2025-04-30 17:41:48,420 - INFO - Epoch: 126, Train Acc: 93.16, Test Acc: 79.13, LR: 0.000100
2025-04-30 17:42:27,844 - INFO - Epoch: 127, Train Acc: 93.39, Test Acc: 80.03, LR: 0.000100
2025-04-30 17:43:07,291 - INFO - Epoch: 128, Train Acc: 93.26, Test Acc: 80.03, LR: 0.000100
2025-04-30 17:43:46,766 - INFO - Epoch: 129, Train Acc: 93.31, Test Acc: 79.88, LR: 0.000100
2025-04-30 17:44:27,226 - INFO - Epoch: 130, Train Acc: 93.58, Test Acc: 80.03, LR: 0.000100
2025-04-30 17:45:06,702 - INFO - Epoch: 131, Train Acc: 93.86, Test Acc: 79.81, LR: 0.000100
2025-04-30 17:45:46,107 - INFO - Epoch: 132, Train Acc: 93.84, Test Acc: 80.10, LR: 0.000100
2025-04-30 17:46:25,571 - INFO - Epoch: 133, Train Acc: 93.71, Test Acc: 80.78, LR: 0.000100
2025-04-30 17:47:05,083 - INFO - Epoch: 134, Train Acc: 93.73, Test Acc: 81.90, LR: 0.000100
2025-04-30 17:47:44,475 - INFO - Epoch: 135, Train Acc: 94.48, Test Acc: 79.88, LR: 0.000100
2025-04-30 17:48:23,824 - INFO - Epoch: 136, Train Acc: 94.31, Test Acc: 81.00, LR: 0.000100
2025-04-30 17:49:04,006 - INFO - Epoch: 137, Train Acc: 94.50, Test Acc: 81.90, LR: 0.000100
2025-04-30 17:49:43,399 - INFO - Epoch: 138, Train Acc: 94.55, Test Acc: 81.60, LR: 0.000100
2025-04-30 17:50:22,801 - INFO - Epoch: 139, Train Acc: 94.72, Test Acc: 81.08, LR: 0.000100
2025-04-30 17:51:02,236 - INFO - Epoch: 140, Train Acc: 94.85, Test Acc: 80.48, LR: 0.000100
2025-04-30 17:51:41,800 - INFO - Epoch: 141, Train Acc: 95.30, Test Acc: 81.68, LR: 0.000100
2025-04-30 17:52:21,180 - INFO - Epoch: 142, Train Acc: 95.15, Test Acc: 81.38, LR: 0.000100
2025-04-30 17:53:00,611 - INFO - Epoch: 143, Train Acc: 95.36, Test Acc: 80.48, LR: 0.000100
2025-04-30 17:53:39,939 - INFO - Epoch: 144, Train Acc: 95.12, Test Acc: 80.85, LR: 0.000100
2025-04-30 17:54:19,340 - INFO - Epoch: 145, Train Acc: 95.38, Test Acc: 80.48, LR: 0.000100
2025-04-30 17:54:58,771 - INFO - Epoch: 146, Train Acc: 95.04, Test Acc: 81.53, LR: 0.000100
2025-04-30 17:55:38,116 - INFO - Epoch: 147, Train Acc: 95.49, Test Acc: 81.23, LR: 0.000100
2025-04-30 17:56:17,561 - INFO - Epoch: 148, Train Acc: 95.30, Test Acc: 81.23, LR: 0.000100
2025-04-30 17:56:56,950 - INFO - Epoch: 149, Train Acc: 95.85, Test Acc: 81.60, LR: 0.000100
2025-04-30 17:57:36,369 - INFO - Epoch: 150, Train Acc: 95.72, Test Acc: 81.90, LR: 0.000100
2025-04-30 17:58:15,860 - INFO - Epoch: 151, Train Acc: 96.13, Test Acc: 81.82, LR: 0.000100
2025-04-30 17:58:55,406 - INFO - Epoch: 152, Train Acc: 96.02, Test Acc: 82.65, LR: 0.000100
2025-04-30 17:59:35,094 - INFO - Epoch: 153, Train Acc: 95.83, Test Acc: 81.68, LR: 0.000100
2025-04-30 18:00:14,523 - INFO - Epoch: 154, Train Acc: 96.19, Test Acc: 82.12, LR: 0.000100
2025-04-30 18:00:53,947 - INFO - Epoch: 155, Train Acc: 95.55, Test Acc: 81.30, LR: 0.000100
2025-04-30 18:01:33,332 - INFO - Epoch: 156, Train Acc: 96.26, Test Acc: 81.90, LR: 0.000100
2025-04-30 18:02:12,744 - INFO - Epoch: 157, Train Acc: 96.28, Test Acc: 82.80, LR: 0.000100
2025-04-30 18:02:52,166 - INFO - Epoch: 158, Train Acc: 96.32, Test Acc: 82.95, LR: 0.000100
2025-04-30 18:03:31,581 - INFO - Epoch: 159, Train Acc: 96.54, Test Acc: 82.20, LR: 0.000100
2025-04-30 18:04:11,021 - INFO - Epoch: 160, Train Acc: 96.66, Test Acc: 82.87, LR: 0.000100
2025-04-30 18:04:50,398 - INFO - Epoch: 161, Train Acc: 96.51, Test Acc: 82.80, LR: 0.000100
2025-04-30 18:05:29,825 - INFO - Epoch: 162, Train Acc: 96.64, Test Acc: 82.95, LR: 0.000100
2025-04-30 18:06:09,240 - INFO - Epoch: 163, Train Acc: 96.75, Test Acc: 82.57, LR: 0.000100
2025-04-30 18:06:48,758 - INFO - Epoch: 164, Train Acc: 97.20, Test Acc: 82.57, LR: 0.000100
2025-04-30 18:07:28,122 - INFO - Epoch: 165, Train Acc: 96.94, Test Acc: 82.20, LR: 0.000100
2025-04-30 18:08:07,552 - INFO - Epoch: 166, Train Acc: 96.77, Test Acc: 82.80, LR: 0.000100
2025-04-30 18:08:47,046 - INFO - Epoch: 167, Train Acc: 96.56, Test Acc: 82.72, LR: 0.000100
2025-04-30 18:09:26,401 - INFO - Epoch: 168, Train Acc: 97.24, Test Acc: 82.27, LR: 0.000100
2025-04-30 18:10:05,786 - INFO - Epoch: 169, Train Acc: 97.31, Test Acc: 82.87, LR: 0.000100
2025-04-30 18:10:45,166 - INFO - Epoch: 170, Train Acc: 97.01, Test Acc: 82.05, LR: 0.000100
2025-04-30 18:11:24,554 - INFO - Epoch: 171, Train Acc: 97.18, Test Acc: 82.27, LR: 0.000100
2025-04-30 18:12:03,989 - INFO - Epoch: 172, Train Acc: 97.37, Test Acc: 82.80, LR: 0.000100
2025-04-30 18:12:43,383 - INFO - Epoch: 173, Train Acc: 96.98, Test Acc: 83.47, LR: 0.000100
2025-04-30 18:13:22,842 - INFO - Epoch: 174, Train Acc: 97.39, Test Acc: 83.02, LR: 0.000100
2025-04-30 18:14:02,282 - INFO - Epoch: 175, Train Acc: 97.28, Test Acc: 83.47, LR: 0.000100
2025-04-30 18:14:41,682 - INFO - Epoch: 176, Train Acc: 97.37, Test Acc: 83.02, LR: 0.000100
2025-04-30 18:15:20,975 - INFO - Epoch: 177, Train Acc: 97.52, Test Acc: 82.27, LR: 0.000100
2025-04-30 18:16:00,445 - INFO - Epoch: 178, Train Acc: 97.46, Test Acc: 82.80, LR: 0.000100
2025-04-30 18:16:39,866 - INFO - Epoch: 179, Train Acc: 97.90, Test Acc: 83.17, LR: 0.000100
2025-04-30 18:17:19,326 - INFO - Epoch: 180, Train Acc: 97.99, Test Acc: 83.10, LR: 0.000100
2025-04-30 18:17:59,604 - INFO - Epoch: 181, Train Acc: 98.08, Test Acc: 83.17, LR: 0.000100
2025-04-30 18:18:38,969 - INFO - Epoch: 182, Train Acc: 97.52, Test Acc: 83.62, LR: 0.000100
2025-04-30 18:19:18,411 - INFO - Epoch: 183, Train Acc: 97.56, Test Acc: 84.07, LR: 0.000100
2025-04-30 18:19:57,874 - INFO - Epoch: 184, Train Acc: 97.63, Test Acc: 84.37, LR: 0.000100
2025-04-30 18:20:37,307 - INFO - Epoch: 185, Train Acc: 98.14, Test Acc: 83.40, LR: 0.000100
2025-04-30 18:21:16,677 - INFO - Epoch: 186, Train Acc: 97.84, Test Acc: 83.62, LR: 0.000100
2025-04-30 18:21:56,091 - INFO - Epoch: 187, Train Acc: 97.69, Test Acc: 83.92, LR: 0.000100
2025-04-30 18:22:35,468 - INFO - Epoch: 188, Train Acc: 98.10, Test Acc: 83.84, LR: 0.000100
2025-04-30 18:23:14,936 - INFO - Epoch: 189, Train Acc: 98.10, Test Acc: 84.37, LR: 0.000100
2025-04-30 18:23:54,379 - INFO - Epoch: 190, Train Acc: 98.29, Test Acc: 84.29, LR: 0.000100
2025-04-30 18:24:33,782 - INFO - Epoch: 191, Train Acc: 98.20, Test Acc: 84.22, LR: 0.000100
2025-04-30 18:25:13,173 - INFO - Epoch: 192, Train Acc: 98.61, Test Acc: 83.47, LR: 0.000100
2025-04-30 18:25:52,555 - INFO - Epoch: 193, Train Acc: 98.31, Test Acc: 83.47, LR: 0.000100
2025-04-30 18:26:32,789 - INFO - Epoch: 194, Train Acc: 98.03, Test Acc: 84.29, LR: 0.000100
2025-04-30 18:27:12,193 - INFO - Epoch: 195, Train Acc: 98.48, Test Acc: 83.10, LR: 0.000100
2025-04-30 18:27:51,576 - INFO - Epoch: 196, Train Acc: 98.37, Test Acc: 84.44, LR: 0.000100
2025-04-30 18:28:30,962 - INFO - Epoch: 197, Train Acc: 98.52, Test Acc: 84.22, LR: 0.000100
2025-04-30 18:29:10,482 - INFO - Epoch: 198, Train Acc: 98.22, Test Acc: 83.92, LR: 0.000100
2025-04-30 18:29:49,859 - INFO - Epoch: 199, Train Acc: 98.42, Test Acc: 83.99, LR: 0.000100
2025-04-30 18:30:29,318 - INFO - Epoch: 200, Train Acc: 98.52, Test Acc: 84.52, LR: 0.000100
2025-04-30 18:30:29,558 - INFO - Best model saved at models/lrcn_best_2025_04_30__18_30_29.pth
2025-04-30 18:30:53,772 - INFO - Overall True Positives: 4622
2025-04-30 18:30:53,772 - INFO - Overall True Negatives: 229070
2025-04-30 18:30:53,772 - INFO - Overall False Positives: 54
2025-04-30 18:30:53,772 - INFO - Overall False Negatives: 54
2025-04-30 18:31:00,625 - INFO - Overall True Positives: 564
2025-04-30 18:31:00,626 - INFO - Overall True Negatives: 32628
2025-04-30 18:31:00,626 - INFO - Overall False Positives: 104
2025-04-30 18:31:00,626 - INFO - Overall False Negatives: 104
2025-04-30 18:31:10,934 - INFO - Overall True Positives: 1120
2025-04-30 18:31:10,934 - INFO - Overall True Negatives: 65296
2025-04-30 18:31:10,934 - INFO - Overall False Positives: 217
2025-04-30 18:31:10,934 - INFO - Overall False Negatives: 217
2025-04-30 18:31:14,530 - INFO - Final Train Accuracy: 98.85%
2025-04-30 18:31:14,530 - INFO - Final Validation Accuracy: 84.43%
2025-04-30 18:31:14,530 - INFO - Final Test Accuracy: 83.77%
